{
  "as_of_utc": "2023-05-16T23:59:59Z",
  "portfolio_id": "port_backfill_5each",
  "cash": 13608.71,
  "market_value": 56676.74,
  "equity": 70285.45,
  "holdings": {
    "AAPL": {
      "qty": 29.559309,
      "avg_cost": 142.609781,
      "mark": 172.11,
      "market_value": 5087.45
    },
    "ADBE": {
      "qty": 4.2,
      "avg_cost": 0.0,
      "mark": 345.15,
      "market_value": 1449.63
    },
    "AMD": {
      "qty": 13.85718,
      "avg_cost": 62.151668,
      "mark": 101.45,
      "market_value": 1405.81
    },
    "AMZN": {
      "qty": 4.0,
      "avg_cost": 0.0,
      "mark": 113.41,
      "market_value": 453.64
    },
    "ARCC": {
      "qty": 4.3,
      "avg_cost": 0.0,
      "mark": 18.1,
      "market_value": 77.83
    },
    "ASML": {
      "qty": 5.0,
      "avg_cost": 0.0,
      "mark": 652.06,
      "market_value": 3260.3
    },
    "ASTS": {
      "qty": 5.0,
      "avg_cost": 0.0,
      "mark": 4.94,
      "market_value": 24.7
    },
    "AVGO": {
      "qty": 5.0,
      "avg_cost": 0.0,
      "mark": 641.5,
      "market_value": 3207.5
    },
    "CAT": {
      "qty": 3.6,
      "avg_cost": 0.0,
      "mark": 207.205,
      "market_value": 745.94
    },
    "CRM": {
      "qty": 5.0,
      "avg_cost": 0.0,
      "mark": 204.55,
      "market_value": 1022.75
    },
    "CRUS": {
      "qty": 3.8,
      "avg_cost": 0.0,
      "mark": 77.56,
      "market_value": 294.73
    },
    "CRWD": {
      "qty": 3.6,
      "avg_cost": 0.0,
      "mark": 134.04,
      "market_value": 482.54
    },
    "DDOG": {
      "qty": 5.0,
      "avg_cost": 0.0,
      "mark": 88.1,
      "market_value": 440.5
    },
    "DE": {
      "qty": 5.0,
      "avg_cost": 0.0,
      "mark": 362.675,
      "market_value": 1813.38
    },
    "DIA": {
      "qty": 4.0,
      "avg_cost": 0.0,
      "mark": 330.37,
      "market_value": 1321.48
    },
    "DNA": {
      "qty": 4.6,
      "avg_cost": 0.0,
      "mark": 1.25,
      "market_value": 5.75
    },
    "ENPH": {
      "qty": 3.8,
      "avg_cost": 0.0,
      "mark": 160.93,
      "market_value": 611.53
    },
    "ESTC": {
      "qty": 3.0,
      "avg_cost": 0.0,
      "mark": 60.64,
      "market_value": 181.92
    },
    "FSLR": {
      "qty": 3.8,
      "avg_cost": 0.0,
      "mark": 212.65,
      "market_value": 808.07
    },
    "GE": {
      "qty": 5.0,
      "avg_cost": 0.0,
      "mark": 101.12,
      "market_value": 505.6
    },
    "GOOGL": {
      "qty": 5.949153,
      "avg_cost": 18.615071,
      "mark": 119.51,
      "market_value": 710.98
    },
    "HD": {
      "qty": 3.0,
      "avg_cost": 0.0,
      "mark": 282.35,
      "market_value": 847.05
    },
    "HON": {
      "qty": 4.0,
      "avg_cost": 0.0,
      "mark": 191.68,
      "market_value": 766.72
    },
    "IONQ": {
      "qty": 4.6,
      "avg_cost": 0.0,
      "mark": 7.985,
      "market_value": 36.73
    },
    "IWM": {
      "qty": 3.6,
      "avg_cost": 0.0,
      "mark": 172.25,
      "market_value": 620.1
    },
    "JNJ": {
      "qty": 3.3,
      "avg_cost": 0.0,
      "mark": 159.32,
      "market_value": 525.76
    },
    "LMT": {
      "qty": 3.6,
      "avg_cost": 0.0,
      "mark": 447.85,
      "market_value": 1612.26
    },
    "MAIN": {
      "qty": 5.0,
      "avg_cost": 0.0,
      "mark": 39.04,
      "market_value": 195.2
    },
    "MDB": {
      "qty": 5.0,
      "avg_cost": 0.0,
      "mark": 275.03,
      "market_value": 1375.15
    },
    "META": {
      "qty": 7.394268,
      "avg_cost": 78.797869,
      "mark": 238.82,
      "market_value": 1765.9
    },
    "MSFT": {
      "qty": 12.064156,
      "avg_cost": 182.071014,
      "mark": 311.745,
      "market_value": 3760.94
    },
    "MU": {
      "qty": 5.0,
      "avg_cost": 0.0,
      "mark": 63.725,
      "market_value": 318.62
    },
    "NEE": {
      "qty": 3.0,
      "avg_cost": 0.0,
      "mark": 75.84,
      "market_value": 227.52
    },
    "NET": {
      "qty": 4.2,
      "avg_cost": 0.0,
      "mark": 51.2,
      "market_value": 215.04
    },
    "NFLX": {
      "qty": 11.389418,
      "avg_cost": 193.723127,
      "mark": 333.87,
      "market_value": 3802.58
    },
    "NU": {
      "qty": 5.000123,
      "avg_cost": 0.000132,
      "mark": 6.105,
      "market_value": 30.53
    },
    "NVDA": {
      "qty": 5.0,
      "avg_cost": 0.0,
      "mark": 292.08,
      "market_value": 1460.4
    },
    "NVTS": {
      "qty": 4.6,
      "avg_cost": 0.0,
      "mark": 7.98,
      "market_value": 36.71
    },
    "OKTA": {
      "qty": 4.6,
      "avg_cost": 0.0,
      "mark": 78.12,
      "market_value": 359.35
    },
    "PANW": {
      "qty": 3.6,
      "avg_cost": 0.0,
      "mark": 191.47,
      "market_value": 689.29
    },
    "PG": {
      "qty": 8.857386,
      "avg_cost": 68.245603,
      "mark": 155.76,
      "market_value": 1379.63
    },
    "PLTR": {
      "qty": 4.2,
      "avg_cost": 0.0,
      "mark": 9.48,
      "market_value": 39.82
    },
    "PYPL": {
      "qty": 4.6,
      "avg_cost": 0.0,
      "mark": 60.77,
      "market_value": 279.54
    },
    "QBTS": {
      "qty": 4.2,
      "avg_cost": 0.0,
      "mark": 0.56,
      "market_value": 2.35
    },
    "QQQ": {
      "qty": 5.0,
      "avg_cost": 0.0,
      "mark": 327.16,
      "market_value": 1635.8
    },
    "QUBT": {
      "qty": 4.6,
      "avg_cost": 0.0,
      "mark": 1.41,
      "market_value": 6.49
    },
    "RGTI": {
      "qty": 4.2,
      "avg_cost": 0.0,
      "mark": 0.514,
      "market_value": 2.16
    },
    "RKLB": {
      "qty": 5.0,
      "avg_cost": 0.0,
      "mark": 4.27,
      "market_value": 21.35
    },
    "RTX": {
      "qty": 4.2,
      "avg_cost": 0.0,
      "mark": 95.455,
      "market_value": 400.91
    },
    "RUN": {
      "qty": 4.2,
      "avg_cost": 0.0,
      "mark": 15.3,
      "market_value": 64.26
    },
    "SEDG": {
      "qty": 4.6,
      "avg_cost": 0.0,
      "mark": 295.22,
      "market_value": 1358.01
    },
    "SHOP": {
      "qty": 10.250174,
      "avg_cost": 31.803749,
      "mark": 60.125,
      "market_value": 616.29
    },
    "SNOW": {
      "qty": 5.0,
      "avg_cost": 0.0,
      "mark": 171.72,
      "market_value": 858.6
    },
    "SOFI": {
      "qty": 3.8,
      "avg_cost": 0.0,
      "mark": 4.755,
      "market_value": 18.07
    },
    "SPY": {
      "qty": 5.0,
      "avg_cost": 0.0,
      "mark": 410.28,
      "market_value": 2051.4
    },
    "SQ": {
      "qty": 4.6,
      "avg_cost": 0.0,
      "mark": 55.54,
      "market_value": 255.48
    },
    "TSLA": {
      "qty": 4.6,
      "avg_cost": 0.0,
      "mark": 166.52,
      "market_value": 765.99
    },
    "TSM": {
      "qty": 4.0,
      "avg_cost": 0.0,
      "mark": 85.845,
      "market_value": 343.38
    },
    "TTWO": {
      "qty": 5.0,
      "avg_cost": 0.0,
      "mark": 124.0,
      "market_value": 620.0
    },
    "VOO": {
      "qty": 5.0,
      "avg_cost": 0.0,
      "mark": 376.98,
      "market_value": 1884.9
    },
    "VTI": {
      "qty": 5.0,
      "avg_cost": 0.0,
      "mark": 203.47,
      "market_value": 1017.35
    },
    "ZS": {
      "qty": 4.2,
      "avg_cost": 0.0,
      "mark": 118.35,
      "market_value": 497.07
    }
  }
}