{
  "as_of_utc": "2023-05-11T23:59:59Z",
  "portfolio_id": "port_backfill_5each",
  "cash": 15350.26,
  "market_value": 54862.65,
  "equity": 70212.91,
  "holdings": {
    "AAPL": {
      "qty": 29.559309,
      "avg_cost": 142.609781,
      "mark": 173.805,
      "market_value": 5137.56
    },
    "ADBE": {
      "qty": 4.6,
      "avg_cost": 0.0,
      "mark": 341.58,
      "market_value": 1571.27
    },
    "AMD": {
      "qty": 5.0,
      "avg_cost": 0.0,
      "mark": 97.14,
      "market_value": 485.7
    },
    "AMZN": {
      "qty": 4.0,
      "avg_cost": 0.0,
      "mark": 112.18,
      "market_value": 448.72
    },
    "ARCC": {
      "qty": 4.3,
      "avg_cost": 0.0,
      "mark": 18.23,
      "market_value": 78.39
    },
    "ASML": {
      "qty": 5.0,
      "avg_cost": 0.0,
      "mark": 650.26,
      "market_value": 3251.3
    },
    "ASTS": {
      "qty": 5.0,
      "avg_cost": 0.0,
      "mark": 5.135,
      "market_value": 25.67
    },
    "AVGO": {
      "qty": 5.0,
      "avg_cost": 0.0,
      "mark": 627.83,
      "market_value": 3139.15
    },
    "CAT": {
      "qty": 4.0,
      "avg_cost": 0.0,
      "mark": 210.0,
      "market_value": 840.0
    },
    "CRM": {
      "qty": 5.0,
      "avg_cost": 0.0,
      "mark": 203.445,
      "market_value": 1017.22
    },
    "CRUS": {
      "qty": 4.2,
      "avg_cost": 0.0,
      "mark": 78.33,
      "market_value": 328.99
    },
    "CRWD": {
      "qty": 3.6,
      "avg_cost": 0.0,
      "mark": 132.18,
      "market_value": 475.85
    },
    "DDOG": {
      "qty": 5.0,
      "avg_cost": 0.0,
      "mark": 86.65,
      "market_value": 433.25
    },
    "DE": {
      "qty": 5.0,
      "avg_cost": 0.0,
      "mark": 372.79,
      "market_value": 1863.95
    },
    "DIA": {
      "qty": 5.0,
      "avg_cost": 0.0,
      "mark": 333.23,
      "market_value": 1666.15
    },
    "DNA": {
      "qty": 4.6,
      "avg_cost": 0.0,
      "mark": 1.335,
      "market_value": 6.14
    },
    "ENPH": {
      "qty": 4.2,
      "avg_cost": 0.0,
      "mark": 160.9,
      "market_value": 675.78
    },
    "ESTC": {
      "qty": 3.0,
      "avg_cost": 0.0,
      "mark": 58.83,
      "market_value": 176.49
    },
    "FSLR": {
      "qty": 4.2,
      "avg_cost": 0.0,
      "mark": 183.375,
      "market_value": 770.18
    },
    "GE": {
      "qty": 5.0,
      "avg_cost": 0.0,
      "mark": 99.5,
      "market_value": 497.5
    },
    "GOOGL": {
      "qty": 5.0,
      "avg_cost": 0.0,
      "mark": 116.56,
      "market_value": 582.8
    },
    "HD": {
      "qty": 4.0,
      "avg_cost": 0.0,
      "mark": 287.76,
      "market_value": 1151.04
    },
    "HON": {
      "qty": 5.0,
      "avg_cost": 0.0,
      "mark": 193.95,
      "market_value": 969.75
    },
    "IONQ": {
      "qty": 4.6,
      "avg_cost": 0.0,
      "mark": 7.055,
      "market_value": 32.45
    },
    "IWM": {
      "qty": 3.6,
      "avg_cost": 0.0,
      "mark": 173.035,
      "market_value": 622.93
    },
    "JNJ": {
      "qty": 4.3,
      "avg_cost": 0.0,
      "mark": 161.03,
      "market_value": 692.43
    },
    "LMT": {
      "qty": 3.6,
      "avg_cost": 0.0,
      "mark": 450.64,
      "market_value": 1622.3
    },
    "MAIN": {
      "qty": 5.0,
      "avg_cost": 0.0,
      "mark": 39.915,
      "market_value": 199.57
    },
    "MDB": {
      "qty": 5.0,
      "avg_cost": 0.0,
      "mark": 264.08,
      "market_value": 1320.4
    },
    "META": {
      "qty": 7.394268,
      "avg_cost": 78.797869,
      "mark": 235.8,
      "market_value": 1743.57
    },
    "MSFT": {
      "qty": 12.064156,
      "avg_cost": 182.071014,
      "mark": 310.09,
      "market_value": 3740.97
    },
    "MU": {
      "qty": 5.0,
      "avg_cost": 0.0,
      "mark": 61.6,
      "market_value": 308.0
    },
    "NEE": {
      "qty": 3.0,
      "avg_cost": 0.0,
      "mark": 76.1,
      "market_value": 228.3
    },
    "NET": {
      "qty": 4.2,
      "avg_cost": 0.0,
      "mark": 50.02,
      "market_value": 210.08
    },
    "NFLX": {
      "qty": 5.0,
      "avg_cost": 0.0,
      "mark": 344.975,
      "market_value": 1724.88
    },
    "NU": {
      "qty": 5.000123,
      "avg_cost": 0.000132,
      "mark": 5.905,
      "market_value": 29.53
    },
    "NVDA": {
      "qty": 5.0,
      "avg_cost": 0.0,
      "mark": 285.81,
      "market_value": 1429.05
    },
    "NVTS": {
      "qty": 4.6,
      "avg_cost": 0.0,
      "mark": 6.23,
      "market_value": 28.66
    },
    "OKTA": {
      "qty": 4.6,
      "avg_cost": 0.0,
      "mark": 78.91,
      "market_value": 362.99
    },
    "PANW": {
      "qty": 3.6,
      "avg_cost": 0.0,
      "mark": 197.165,
      "market_value": 709.79
    },
    "PG": {
      "qty": 8.857386,
      "avg_cost": 68.245603,
      "mark": 154.43,
      "market_value": 1367.85
    },
    "PLTR": {
      "qty": 4.2,
      "avg_cost": 0.0,
      "mark": 9.875,
      "market_value": 41.48
    },
    "PYPL": {
      "qty": 5.0,
      "avg_cost": 0.0,
      "mark": 64.15,
      "market_value": 320.75
    },
    "QBTS": {
      "qty": 4.2,
      "avg_cost": 0.0,
      "mark": 0.4314,
      "market_value": 1.81
    },
    "QQQ": {
      "qty": 5.0,
      "avg_cost": 0.0,
      "mark": 326.115,
      "market_value": 1630.58
    },
    "QUBT": {
      "qty": 4.6,
      "avg_cost": 0.0,
      "mark": 1.26,
      "market_value": 5.8
    },
    "RGTI": {
      "qty": 4.2,
      "avg_cost": 0.0,
      "mark": 0.5,
      "market_value": 2.1
    },
    "RKLB": {
      "qty": 5.0,
      "avg_cost": 0.0,
      "mark": 4.105,
      "market_value": 20.53
    },
    "RTX": {
      "qty": 4.6,
      "avg_cost": 0.0,
      "mark": 95.56,
      "market_value": 439.58
    },
    "RUN": {
      "qty": 4.6,
      "avg_cost": 0.0,
      "mark": 16.72,
      "market_value": 76.91
    },
    "SEDG": {
      "qty": 4.6,
      "avg_cost": 0.0,
      "mark": 296.06,
      "market_value": 1361.88
    },
    "SHOP": {
      "qty": 10.250174,
      "avg_cost": 31.803749,
      "mark": 62.915,
      "market_value": 644.89
    },
    "SNOW": {
      "qty": 5.0,
      "avg_cost": 0.0,
      "mark": 170.04,
      "market_value": 850.2
    },
    "SOFI": {
      "qty": 4.2,
      "avg_cost": 0.0,
      "mark": 5.13,
      "market_value": 21.55
    },
    "SPY": {
      "qty": 5.0,
      "avg_cost": 0.0,
      "mark": 412.08,
      "market_value": 2060.4
    },
    "SQ": {
      "qty": 4.6,
      "avg_cost": 0.0,
      "mark": 57.305,
      "market_value": 263.6
    },
    "TSLA": {
      "qty": 4.6,
      "avg_cost": 0.0,
      "mark": 172.06,
      "market_value": 791.48
    },
    "TSM": {
      "qty": 4.0,
      "avg_cost": 0.0,
      "mark": 83.445,
      "market_value": 333.78
    },
    "TTWO": {
      "qty": 5.0,
      "avg_cost": 0.0,
      "mark": 125.58,
      "market_value": 627.9
    },
    "VOO": {
      "qty": 5.0,
      "avg_cost": 0.0,
      "mark": 378.69,
      "market_value": 1893.45
    },
    "VTI": {
      "qty": 5.0,
      "avg_cost": 0.0,
      "mark": 204.53,
      "market_value": 1022.65
    },
    "ZS": {
      "qty": 4.2,
      "avg_cost": 0.0,
      "mark": 115.42,
      "market_value": 484.76
    }
  }
}