{
  "as_of_utc": "2023-05-31T23:59:59Z",
  "portfolio_id": "port_backfill_5each",
  "cash": 9304.6,
  "market_value": 65496.82,
  "equity": 74801.42,
  "holdings": {
    "AAPL": {
      "qty": 29.559309,
      "avg_cost": 142.609781,
      "mark": 177.425,
      "market_value": 5244.56
    },
    "ADBE": {
      "qty": 3.2,
      "avg_cost": 0.0,
      "mark": 417.94,
      "market_value": 1337.41
    },
    "AMD": {
      "qty": 20.054985,
      "avg_cost": 82.234778,
      "mark": 118.19,
      "market_value": 2370.3
    },
    "AMZN": {
      "qty": 4.0,
      "avg_cost": 0.0,
      "mark": 120.58,
      "market_value": 482.32
    },
    "ARCC": {
      "qty": 4.3,
      "avg_cost": 0.0,
      "mark": 18.75,
      "market_value": 80.62
    },
    "ASML": {
      "qty": 5.0,
      "avg_cost": 0.0,
      "mark": 723.13,
      "market_value": 3615.65
    },
    "ASTS": {
      "qty": 5.0,
      "avg_cost": 0.0,
      "mark": 5.415,
      "market_value": 27.07
    },
    "AVGO": {
      "qty": 5.0,
      "avg_cost": 0.0,
      "mark": 806.85,
      "market_value": 4034.25
    },
    "CAT": {
      "qty": 3.6,
      "avg_cost": 0.0,
      "mark": 205.81,
      "market_value": 740.92
    },
    "CRM": {
      "qty": 14.582426,
      "avg_cost": 134.548622,
      "mark": 224.11,
      "market_value": 3268.07
    },
    "CRUS": {
      "qty": 3.8,
      "avg_cost": 0.0,
      "mark": 77.7,
      "market_value": 295.26
    },
    "CRWD": {
      "qty": 3.6,
      "avg_cost": 0.0,
      "mark": 160.025,
      "market_value": 576.09
    },
    "DDOG": {
      "qty": 5.0,
      "avg_cost": 0.0,
      "mark": 94.94,
      "market_value": 474.7
    },
    "DE": {
      "qty": 3.8,
      "avg_cost": 0.0,
      "mark": 345.92,
      "market_value": 1314.5
    },
    "DIA": {
      "qty": 3.6,
      "avg_cost": 0.0,
      "mark": 329.53,
      "market_value": 1186.31
    },
    "DNA": {
      "qty": 4.6,
      "avg_cost": 0.0,
      "mark": 1.575,
      "market_value": 7.24
    },
    "ENPH": {
      "qty": 3.8,
      "avg_cost": 0.0,
      "mark": 173.91,
      "market_value": 660.86
    },
    "ESTC": {
      "qty": 3.0,
      "avg_cost": 0.0,
      "mark": 72.81,
      "market_value": 218.43
    },
    "FSLR": {
      "qty": 3.8,
      "avg_cost": 0.0,
      "mark": 202.9,
      "market_value": 771.02
    },
    "GE": {
      "qty": 5.0,
      "avg_cost": 0.0,
      "mark": 101.49,
      "market_value": 507.45
    },
    "GOOGL": {
      "qty": 10.87476,
      "avg_cost": 64.368488,
      "mark": 122.94,
      "market_value": 1336.94
    },
    "HD": {
      "qty": 3.0,
      "avg_cost": 0.0,
      "mark": 283.48,
      "market_value": 850.44
    },
    "HON": {
      "qty": 3.6,
      "avg_cost": 0.0,
      "mark": 191.69,
      "market_value": 690.08
    },
    "IONQ": {
      "qty": 4.6,
      "avg_cost": 0.0,
      "mark": 10.79,
      "market_value": 49.63
    },
    "IWM": {
      "qty": 3.6,
      "avg_cost": 0.0,
      "mark": 173.64,
      "market_value": 625.1
    },
    "JNJ": {
      "qty": 3.3,
      "avg_cost": 0.0,
      "mark": 155.25,
      "market_value": 512.32
    },
    "LMT": {
      "qty": 3.6,
      "avg_cost": 0.0,
      "mark": 443.97,
      "market_value": 1598.29
    },
    "MAIN": {
      "qty": 3.6,
      "avg_cost": 0.0,
      "mark": 39.69,
      "market_value": 142.88
    },
    "MDB": {
      "qty": 5.0,
      "avg_cost": 0.0,
      "mark": 293.42,
      "market_value": 1467.1
    },
    "META": {
      "qty": 7.394268,
      "avg_cost": 78.797869,
      "mark": 264.91,
      "market_value": 1958.82
    },
    "MSFT": {
      "qty": 12.064156,
      "avg_cost": 182.071014,
      "mark": 328.69,
      "market_value": 3965.37
    },
    "MU": {
      "qty": 5.0,
      "avg_cost": 0.0,
      "mark": 68.23,
      "market_value": 341.15
    },
    "NEE": {
      "qty": 3.0,
      "avg_cost": 0.0,
      "mark": 73.46,
      "market_value": 220.38
    },
    "NET": {
      "qty": 4.2,
      "avg_cost": 0.0,
      "mark": 69.23,
      "market_value": 290.77
    },
    "NFLX": {
      "qty": 11.389418,
      "avg_cost": 193.723127,
      "mark": 395.53,
      "market_value": 4504.86
    },
    "NU": {
      "qty": 5.000123,
      "avg_cost": 0.000132,
      "mark": 6.74,
      "market_value": 33.7
    },
    "NVDA": {
      "qty": 5.68695,
      "avg_cost": 47.064913,
      "mark": 378.615,
      "market_value": 2153.16
    },
    "NVTS": {
      "qty": 87.369381,
      "avg_cost": 8.060527,
      "mark": 8.55,
      "market_value": 747.01
    },
    "OKTA": {
      "qty": 4.6,
      "avg_cost": 0.0,
      "mark": 90.97,
      "market_value": 418.46
    },
    "PANW": {
      "qty": 3.6,
      "avg_cost": 0.0,
      "mark": 213.45,
      "market_value": 768.42
    },
    "PG": {
      "qty": 6.457386,
      "avg_cost": 68.245603,
      "mark": 142.58,
      "market_value": 920.69
    },
    "PLTR": {
      "qty": 4.2,
      "avg_cost": 0.0,
      "mark": 14.71,
      "market_value": 61.78
    },
    "PYPL": {
      "qty": 3.8,
      "avg_cost": 0.0,
      "mark": 62.04,
      "market_value": 235.75
    },
    "QBTS": {
      "qty": 4.2,
      "avg_cost": 0.0,
      "mark": 1.26,
      "market_value": 5.29
    },
    "QQQ": {
      "qty": 9.845311,
      "avg_cost": 165.742513,
      "mark": 347.58,
      "market_value": 3422.03
    },
    "QUBT": {
      "qty": 3.6,
      "avg_cost": 0.0,
      "mark": 1.17,
      "market_value": 4.21
    },
    "RGTI": {
      "qty": 4.2,
      "avg_cost": 0.0,
      "mark": 0.9387,
      "market_value": 3.94
    },
    "RKLB": {
      "qty": 5.0,
      "avg_cost": 0.0,
      "mark": 4.57,
      "market_value": 22.85
    },
    "RTX": {
      "qty": 3.2,
      "avg_cost": 0.0,
      "mark": 92.12,
      "market_value": 294.78
    },
    "RUN": {
      "qty": 3.8,
      "avg_cost": 0.0,
      "mark": 17.63,
      "market_value": 66.99
    },
    "SEDG": {
      "qty": 4.6,
      "avg_cost": 0.0,
      "mark": 284.62,
      "market_value": 1309.25
    },
    "SHOP": {
      "qty": 10.250174,
      "avg_cost": 31.803749,
      "mark": 57.14,
      "market_value": 585.69
    },
    "SNOW": {
      "qty": 4.6,
      "avg_cost": 0.0,
      "mark": 165.38,
      "market_value": 760.75
    },
    "SOFI": {
      "qty": 3.8,
      "avg_cost": 0.0,
      "mark": 6.92,
      "market_value": 26.3
    },
    "SPY": {
      "qty": 5.0,
      "avg_cost": 0.0,
      "mark": 417.86,
      "market_value": 2089.3
    },
    "SQ": {
      "qty": 4.2,
      "avg_cost": 0.0,
      "mark": 60.41,
      "market_value": 253.72
    },
    "TSLA": {
      "qty": 4.6,
      "avg_cost": 0.0,
      "mark": 203.88,
      "market_value": 937.85
    },
    "TSM": {
      "qty": 4.0,
      "avg_cost": 0.0,
      "mark": 98.67,
      "market_value": 394.68
    },
    "TTWO": {
      "qty": 5.0,
      "avg_cost": 0.0,
      "mark": 137.8,
      "market_value": 689.0
    },
    "VOO": {
      "qty": 5.0,
      "avg_cost": 0.0,
      "mark": 383.775,
      "market_value": 1918.88
    },
    "VTI": {
      "qty": 5.0,
      "avg_cost": 0.0,
      "mark": 207.2,
      "market_value": 1036.0
    },
    "ZS": {
      "qty": 4.2,
      "avg_cost": 0.0,
      "mark": 135.51,
      "market_value": 569.14
    }
  }
}