{
  "as_of_utc": "2023-05-06T23:59:59Z",
  "portfolio_id": "port_backfill_5each",
  "cash": 18104.28,
  "market_value": 51531.0,
  "equity": 69635.28,
  "holdings": {
    "AAPL": {
      "qty": 17.964517,
      "avg_cost": 122.489336,
      "mark": 173.61,
      "market_value": 3118.82
    },
    "ADBE": {
      "qty": 5.0,
      "avg_cost": 0.0,
      "mark": 348.31,
      "market_value": 1741.55
    },
    "AMD": {
      "qty": 5.0,
      "avg_cost": 0.0,
      "mark": 89.82,
      "market_value": 449.1
    },
    "AMZN": {
      "qty": 4.0,
      "avg_cost": 0.0,
      "mark": 105.64,
      "market_value": 422.56
    },
    "ARCC": {
      "qty": 5.0,
      "avg_cost": 0.0,
      "mark": 18.2,
      "market_value": 91.0
    },
    "ASML": {
      "qty": 5.0,
      "avg_cost": 0.0,
      "mark": 650.18,
      "market_value": 3250.9
    },
    "ASTS": {
      "qty": 5.0,
      "avg_cost": 0.0,
      "mark": 5.06,
      "market_value": 25.3
    },
    "AVGO": {
      "qty": 5.0,
      "avg_cost": 0.0,
      "mark": 629.97,
      "market_value": 3149.85
    },
    "CAT": {
      "qty": 5.0,
      "avg_cost": 0.0,
      "mark": 215.11,
      "market_value": 1075.55
    },
    "CRM": {
      "qty": 5.0,
      "avg_cost": 0.0,
      "mark": 197.6,
      "market_value": 988.0
    },
    "CRUS": {
      "qty": 4.6,
      "avg_cost": 0.0,
      "mark": 79.44,
      "market_value": 365.42
    },
    "CRWD": {
      "qty": 4.6,
      "avg_cost": 0.0,
      "mark": 122.39,
      "market_value": 562.99
    },
    "DDOG": {
      "qty": 5.0,
      "avg_cost": 0.0,
      "mark": 76.57,
      "market_value": 382.85
    },
    "DE": {
      "qty": 5.0,
      "avg_cost": 0.0,
      "mark": 381.08,
      "market_value": 1905.4
    },
    "DIA": {
      "qty": 5.0,
      "avg_cost": 0.0,
      "mark": 336.69,
      "market_value": 1683.45
    },
    "DNA": {
      "qty": 4.6,
      "avg_cost": 0.0,
      "mark": 1.265,
      "market_value": 5.82
    },
    "ENPH": {
      "qty": 4.6,
      "avg_cost": 0.0,
      "mark": 159.59,
      "market_value": 734.11
    },
    "ESTC": {
      "qty": 4.0,
      "avg_cost": 0.0,
      "mark": 56.69,
      "market_value": 226.76
    },
    "FSLR": {
      "qty": 4.6,
      "avg_cost": 0.0,
      "mark": 178.505,
      "market_value": 821.12
    },
    "GE": {
      "qty": 5.0,
      "avg_cost": 0.0,
      "mark": 100.21,
      "market_value": 501.05
    },
    "GOOGL": {
      "qty": 5.0,
      "avg_cost": 0.0,
      "mark": 105.58,
      "market_value": 527.9
    },
    "HD": {
      "qty": 5.0,
      "avg_cost": 0.0,
      "mark": 289.5,
      "market_value": 1447.5
    },
    "HON": {
      "qty": 5.0,
      "avg_cost": 0.0,
      "mark": 198.38,
      "market_value": 991.9
    },
    "IONQ": {
      "qty": 4.6,
      "avg_cost": 0.0,
      "mark": 5.885,
      "market_value": 27.07
    },
    "IWM": {
      "qty": 4.3,
      "avg_cost": 0.0,
      "mark": 174.51,
      "market_value": 750.39
    },
    "JNJ": {
      "qty": 5.0,
      "avg_cost": 0.0,
      "mark": 162.68,
      "market_value": 813.4
    },
    "LMT": {
      "qty": 4.0,
      "avg_cost": 0.0,
      "mark": 455.44,
      "market_value": 1821.76
    },
    "MAIN": {
      "qty": 5.0,
      "avg_cost": 0.0,
      "mark": 40.34,
      "market_value": 201.7
    },
    "MDB": {
      "qty": 5.0,
      "avg_cost": 0.0,
      "mark": 241.25,
      "market_value": 1206.25
    },
    "META": {
      "qty": 7.394268,
      "avg_cost": 78.797869,
      "mark": 232.8,
      "market_value": 1721.39
    },
    "MSFT": {
      "qty": 5.0,
      "avg_cost": 0.0,
      "mark": 310.63,
      "market_value": 1553.15
    },
    "MU": {
      "qty": 5.0,
      "avg_cost": 0.0,
      "mark": 61.2,
      "market_value": 306.0
    },
    "NEE": {
      "qty": 4.0,
      "avg_cost": 0.0,
      "mark": 75.43,
      "market_value": 301.72
    },
    "NET": {
      "qty": 4.6,
      "avg_cost": 0.0,
      "mark": 44.075,
      "market_value": 202.75
    },
    "NFLX": {
      "qty": 5.0,
      "avg_cost": 0.0,
      "mark": 322.705,
      "market_value": 1613.52
    },
    "NU": {
      "qty": 5.000116,
      "avg_cost": 0.000124,
      "mark": 5.45,
      "market_value": 27.25
    },
    "NVDA": {
      "qty": 5.0,
      "avg_cost": 0.0,
      "mark": 286.8,
      "market_value": 1434.0
    },
    "NVTS": {
      "qty": 4.6,
      "avg_cost": 0.0,
      "mark": 6.075,
      "market_value": 27.95
    },
    "OKTA": {
      "qty": 4.6,
      "avg_cost": 0.0,
      "mark": 73.745,
      "market_value": 339.23
    },
    "PANW": {
      "qty": 4.6,
      "avg_cost": 0.0,
      "mark": 183.975,
      "market_value": 846.28
    },
    "PG": {
      "qty": 8.857386,
      "avg_cost": 68.245603,
      "mark": 156.03,
      "market_value": 1382.02
    },
    "PLTR": {
      "qty": 4.6,
      "avg_cost": 0.0,
      "mark": 7.405,
      "market_value": 34.06
    },
    "PYPL": {
      "qty": 5.0,
      "avg_cost": 0.0,
      "mark": 74.975,
      "market_value": 374.88
    },
    "QBTS": {
      "qty": 4.6,
      "avg_cost": 0.0,
      "mark": 0.4352,
      "market_value": 2.0
    },
    "QQQ": {
      "qty": 5.0,
      "avg_cost": 0.0,
      "mark": 322.89,
      "market_value": 1614.45
    },
    "QUBT": {
      "qty": 5.0,
      "avg_cost": 0.0,
      "mark": 1.11,
      "market_value": 5.55
    },
    "RGTI": {
      "qty": 4.6,
      "avg_cost": 0.0,
      "mark": 0.4059,
      "market_value": 1.87
    },
    "RKLB": {
      "qty": 5.0,
      "avg_cost": 0.0,
      "mark": 3.845,
      "market_value": 19.23
    },
    "RTX": {
      "qty": 5.0,
      "avg_cost": 0.0,
      "mark": 96.575,
      "market_value": 482.88
    },
    "RUN": {
      "qty": 5.0,
      "avg_cost": 0.0,
      "mark": 17.645,
      "market_value": 88.22
    },
    "SEDG": {
      "qty": 4.6,
      "avg_cost": 0.0,
      "mark": 293.08,
      "market_value": 1348.17
    },
    "SHOP": {
      "qty": 5.0,
      "avg_cost": 0.0,
      "mark": 62.03,
      "market_value": 310.15
    },
    "SNOW": {
      "qty": 5.0,
      "avg_cost": 0.0,
      "mark": 154.15,
      "market_value": 770.75
    },
    "SOFI": {
      "qty": 4.6,
      "avg_cost": 0.0,
      "mark": 5.16,
      "market_value": 23.74
    },
    "SPY": {
      "qty": 5.0,
      "avg_cost": 0.0,
      "mark": 412.68,
      "market_value": 2063.4
    },
    "SQ": {
      "qty": 4.6,
      "avg_cost": 0.0,
      "mark": 59.24,
      "market_value": 272.5
    },
    "TSLA": {
      "qty": 4.6,
      "avg_cost": 0.0,
      "mark": 170.085,
      "market_value": 782.39
    },
    "TSM": {
      "qty": 4.0,
      "avg_cost": 0.0,
      "mark": 84.95,
      "market_value": 339.8
    },
    "TTWO": {
      "qty": 5.0,
      "avg_cost": 0.0,
      "mark": 124.47,
      "market_value": 622.35
    },
    "VOO": {
      "qty": 5.0,
      "avg_cost": 0.0,
      "mark": 379.07,
      "market_value": 1895.35
    },
    "VTI": {
      "qty": 5.0,
      "avg_cost": 0.0,
      "mark": 204.63,
      "market_value": 1023.15
    },
    "ZS": {
      "qty": 4.6,
      "avg_cost": 0.0,
      "mark": 89.43,
      "market_value": 411.38
    }
  }
}