{
  "as_of_utc": "2023-05-01T23:59:59Z",
  "portfolio_id": "port_backfill_5each",
  "cash": 20000.0,
  "market_value": 49600.36,
  "equity": 69600.36,
  "holdings": {
    "AAPL": {
      "qty": 5.0,
      "avg_cost": 0.0,
      "mark": 169.56,
      "market_value": 847.8
    },
    "ADBE": {
      "qty": 5.0,
      "avg_cost": 0.0,
      "mark": 374.23,
      "market_value": 1871.15
    },
    "AMD": {
      "qty": 5.0,
      "avg_cost": 0.0,
      "mark": 89.66,
      "market_value": 448.3
    },
    "AMZN": {
      "qty": 5.0,
      "avg_cost": 0.0,
      "mark": 102.03,
      "market_value": 510.15
    },
    "ARCC": {
      "qty": 5.0,
      "avg_cost": 0.0,
      "mark": 18.25,
      "market_value": 91.25
    },
    "ASML": {
      "qty": 5.0,
      "avg_cost": 0.0,
      "mark": 635.4,
      "market_value": 3177.0
    },
    "ASTS": {
      "qty": 5.0,
      "avg_cost": 0.0,
      "mark": 4.69,
      "market_value": 23.45
    },
    "AVGO": {
      "qty": 5.0,
      "avg_cost": 0.0,
      "mark": 638.47,
      "market_value": 3192.35
    },
    "CAT": {
      "qty": 5.0,
      "avg_cost": 0.0,
      "mark": 217.3,
      "market_value": 1086.5
    },
    "CRM": {
      "qty": 5.0,
      "avg_cost": 0.0,
      "mark": 197.79,
      "market_value": 988.95
    },
    "CRUS": {
      "qty": 5.0,
      "avg_cost": 0.0,
      "mark": 85.075,
      "market_value": 425.38
    },
    "CRWD": {
      "qty": 5.0,
      "avg_cost": 0.0,
      "mark": 118.775,
      "market_value": 593.88
    },
    "DDOG": {
      "qty": 5.0,
      "avg_cost": 0.0,
      "mark": 65.34,
      "market_value": 326.7
    },
    "DE": {
      "qty": 5.0,
      "avg_cost": 0.0,
      "mark": 382.165,
      "market_value": 1910.83
    },
    "DIA": {
      "qty": 5.0,
      "avg_cost": 0.0,
      "mark": 340.6,
      "market_value": 1703.0
    },
    "DNA": {
      "qty": 5.0,
      "avg_cost": 0.0,
      "mark": 1.185,
      "market_value": 5.93
    },
    "ENPH": {
      "qty": 5.0,
      "avg_cost": 0.0,
      "mark": 160.6,
      "market_value": 803.0
    },
    "ESTC": {
      "qty": 5.0,
      "avg_cost": 0.0,
      "mark": 56.435,
      "market_value": 282.18
    },
    "FSLR": {
      "qty": 5.0,
      "avg_cost": 0.0,
      "mark": 180.78,
      "market_value": 903.9
    },
    "GE": {
      "qty": 5.0,
      "avg_cost": 0.0,
      "mark": 101.205,
      "market_value": 506.02
    },
    "GOOGL": {
      "qty": 5.0,
      "avg_cost": 0.0,
      "mark": 107.14,
      "market_value": 535.7
    },
    "HD": {
      "qty": 5.0,
      "avg_cost": 0.0,
      "mark": 297.68,
      "market_value": 1488.4
    },
    "HON": {
      "qty": 5.0,
      "avg_cost": 0.0,
      "mark": 200.48,
      "market_value": 1002.4
    },
    "IONQ": {
      "qty": 5.0,
      "avg_cost": 0.0,
      "mark": 5.495,
      "market_value": 27.48
    },
    "IWM": {
      "qty": 5.0,
      "avg_cost": 0.0,
      "mark": 175.33,
      "market_value": 876.65
    },
    "JNJ": {
      "qty": 5.0,
      "avg_cost": 0.0,
      "mark": 163.5,
      "market_value": 817.5
    },
    "LMT": {
      "qty": 5.0,
      "avg_cost": 0.0,
      "mark": 469.41,
      "market_value": 2347.05
    },
    "MAIN": {
      "qty": 5.0,
      "avg_cost": 0.0,
      "mark": 40.505,
      "market_value": 202.53
    },
    "MDB": {
      "qty": 5.0,
      "avg_cost": 0.0,
      "mark": 225.78,
      "market_value": 1128.9
    },
    "META": {
      "qty": 5.0,
      "avg_cost": 0.0,
      "mark": 243.11,
      "market_value": 1215.55
    },
    "MSFT": {
      "qty": 5.0,
      "avg_cost": 0.0,
      "mark": 305.55,
      "market_value": 1527.75
    },
    "MU": {
      "qty": 5.0,
      "avg_cost": 0.0,
      "mark": 62.32,
      "market_value": 311.6
    },
    "NEE": {
      "qty": 5.0,
      "avg_cost": 0.0,
      "mark": 76.8,
      "market_value": 384.0
    },
    "NET": {
      "qty": 5.0,
      "avg_cost": 0.0,
      "mark": 44.815,
      "market_value": 224.07
    },
    "NFLX": {
      "qty": 5.0,
      "avg_cost": 0.0,
      "mark": 324.09,
      "market_value": 1620.45
    },
    "NU": {
      "qty": 5.0,
      "avg_cost": 0.0,
      "mark": 5.36,
      "market_value": 26.8
    },
    "NVDA": {
      "qty": 5.0,
      "avg_cost": 0.0,
      "mark": 289.05,
      "market_value": 1445.25
    },
    "NVTS": {
      "qty": 5.0,
      "avg_cost": 0.0,
      "mark": 5.37,
      "market_value": 26.85
    },
    "OKTA": {
      "qty": 5.0,
      "avg_cost": 0.0,
      "mark": 68.595,
      "market_value": 342.98
    },
    "PANW": {
      "qty": 5.0,
      "avg_cost": 0.0,
      "mark": 183.25,
      "market_value": 916.25
    },
    "PG": {
      "qty": 5.0,
      "avg_cost": 0.0,
      "mark": 156.55,
      "market_value": 782.75
    },
    "PLTR": {
      "qty": 5.0,
      "avg_cost": 0.0,
      "mark": 7.77,
      "market_value": 38.85
    },
    "PYPL": {
      "qty": 5.0,
      "avg_cost": 0.0,
      "mark": 75.11,
      "market_value": 375.55
    },
    "QBTS": {
      "qty": 5.0,
      "avg_cost": 0.0,
      "mark": 0.4814,
      "market_value": 2.41
    },
    "QQQ": {
      "qty": 5.0,
      "avg_cost": 0.0,
      "mark": 322.205,
      "market_value": 1611.02
    },
    "QUBT": {
      "qty": 5.0,
      "avg_cost": 0.0,
      "mark": 1.3,
      "market_value": 6.5
    },
    "RGTI": {
      "qty": 5.0,
      "avg_cost": 0.0,
      "mark": 0.4208,
      "market_value": 2.1
    },
    "RKLB": {
      "qty": 5.0,
      "avg_cost": 0.0,
      "mark": 3.88,
      "market_value": 19.4
    },
    "RTX": {
      "qty": 5.0,
      "avg_cost": 0.0,
      "mark": 100.32,
      "market_value": 501.6
    },
    "RUN": {
      "qty": 5.0,
      "avg_cost": 0.0,
      "mark": 20.51,
      "market_value": 102.55
    },
    "SEDG": {
      "qty": 5.0,
      "avg_cost": 0.0,
      "mark": 276.11,
      "market_value": 1380.55
    },
    "SHOP": {
      "qty": 5.0,
      "avg_cost": 0.0,
      "mark": 47.27,
      "market_value": 236.35
    },
    "SNOW": {
      "qty": 5.0,
      "avg_cost": 0.0,
      "mark": 147.04,
      "market_value": 735.2
    },
    "SOFI": {
      "qty": 5.0,
      "avg_cost": 0.0,
      "mark": 5.465,
      "market_value": 27.32
    },
    "SPY": {
      "qty": 5.0,
      "avg_cost": 0.0,
      "mark": 415.56,
      "market_value": 2077.8
    },
    "SQ": {
      "qty": 5.0,
      "avg_cost": 0.0,
      "mark": 60.22,
      "market_value": 301.1
    },
    "TSLA": {
      "qty": 5.0,
      "avg_cost": 0.0,
      "mark": 161.81,
      "market_value": 809.05
    },
    "TSM": {
      "qty": 5.0,
      "avg_cost": 0.0,
      "mark": 83.98,
      "market_value": 419.9
    },
    "TTWO": {
      "qty": 5.0,
      "avg_cost": 0.0,
      "mark": 124.11,
      "market_value": 620.55
    },
    "VOO": {
      "qty": 5.0,
      "avg_cost": 0.0,
      "mark": 381.85,
      "market_value": 1909.25
    },
    "VTI": {
      "qty": 5.0,
      "avg_cost": 0.0,
      "mark": 206.21,
      "market_value": 1031.05
    },
    "ZS": {
      "qty": 5.0,
      "avg_cost": 0.0,
      "mark": 88.73,
      "market_value": 443.65
    }
  }
}