{
  "as_of_utc": "2023-05-21T23:59:59Z",
  "portfolio_id": "port_backfill_5each",
  "cash": 11919.31,
  "market_value": 60357.01,
  "equity": 72276.32,
  "holdings": {
    "AAPL": {
      "qty": 29.559309,
      "avg_cost": 142.609781,
      "mark": 175.19,
      "market_value": 5178.5
    },
    "ADBE": {
      "qty": 3.2,
      "avg_cost": 0.0,
      "mark": 371.41,
      "market_value": 1188.51
    },
    "AMD": {
      "qty": 13.85718,
      "avg_cost": 62.151668,
      "mark": 105.8,
      "market_value": 1466.09
    },
    "AMZN": {
      "qty": 4.0,
      "avg_cost": 0.0,
      "mark": 116.26,
      "market_value": 465.04
    },
    "ARCC": {
      "qty": 4.3,
      "avg_cost": 0.0,
      "mark": 18.73,
      "market_value": 80.54
    },
    "ASML": {
      "qty": 5.0,
      "avg_cost": 0.0,
      "mark": 694.0,
      "market_value": 3470.0
    },
    "ASTS": {
      "qty": 5.0,
      "avg_cost": 0.0,
      "mark": 5.275,
      "market_value": 26.38
    },
    "AVGO": {
      "qty": 5.0,
      "avg_cost": 0.0,
      "mark": 682.23,
      "market_value": 3411.15
    },
    "CAT": {
      "qty": 3.6,
      "avg_cost": 0.0,
      "mark": 214.87,
      "market_value": 773.53
    },
    "CRM": {
      "qty": 14.582426,
      "avg_cost": 134.548622,
      "mark": 210.34,
      "market_value": 3067.27
    },
    "CRUS": {
      "qty": 3.8,
      "avg_cost": 0.0,
      "mark": 78.11,
      "market_value": 296.82
    },
    "CRWD": {
      "qty": 3.6,
      "avg_cost": 0.0,
      "mark": 144.73,
      "market_value": 521.03
    },
    "DDOG": {
      "qty": 5.0,
      "avg_cost": 0.0,
      "mark": 92.08,
      "market_value": 460.4
    },
    "DE": {
      "qty": 4.6,
      "avg_cost": 0.0,
      "mark": 363.61,
      "market_value": 1672.61
    },
    "DIA": {
      "qty": 3.6,
      "avg_cost": 0.0,
      "mark": 334.2,
      "market_value": 1203.12
    },
    "DNA": {
      "qty": 4.6,
      "avg_cost": 0.0,
      "mark": 1.275,
      "market_value": 5.86
    },
    "ENPH": {
      "qty": 3.8,
      "avg_cost": 0.0,
      "mark": 162.32,
      "market_value": 616.82
    },
    "ESTC": {
      "qty": 3.0,
      "avg_cost": 0.0,
      "mark": 64.82,
      "market_value": 194.46
    },
    "FSLR": {
      "qty": 3.8,
      "avg_cost": 0.0,
      "mark": 203.62,
      "market_value": 773.76
    },
    "GE": {
      "qty": 5.0,
      "avg_cost": 0.0,
      "mark": 104.28,
      "market_value": 521.4
    },
    "GOOGL": {
      "qty": 10.87476,
      "avg_cost": 64.368488,
      "mark": 122.78,
      "market_value": 1335.2
    },
    "HD": {
      "qty": 3.0,
      "avg_cost": 0.0,
      "mark": 290.88,
      "market_value": 872.64
    },
    "HON": {
      "qty": 3.6,
      "avg_cost": 0.0,
      "mark": 197.39,
      "market_value": 710.6
    },
    "IONQ": {
      "qty": 4.6,
      "avg_cost": 0.0,
      "mark": 8.88,
      "market_value": 40.85
    },
    "IWM": {
      "qty": 3.6,
      "avg_cost": 0.0,
      "mark": 176.09,
      "market_value": 633.92
    },
    "JNJ": {
      "qty": 3.3,
      "avg_cost": 0.0,
      "mark": 158.91,
      "market_value": 524.4
    },
    "LMT": {
      "qty": 3.6,
      "avg_cost": 0.0,
      "mark": 454.67,
      "market_value": 1636.81
    },
    "MAIN": {
      "qty": 4.6,
      "avg_cost": 0.0,
      "mark": 39.32,
      "market_value": 180.87
    },
    "MDB": {
      "qty": 5.0,
      "avg_cost": 0.0,
      "mark": 275.255,
      "market_value": 1376.28
    },
    "META": {
      "qty": 7.394268,
      "avg_cost": 78.797869,
      "mark": 245.615,
      "market_value": 1816.14
    },
    "MSFT": {
      "qty": 12.064156,
      "avg_cost": 182.071014,
      "mark": 318.31,
      "market_value": 3840.14
    },
    "MU": {
      "qty": 5.0,
      "avg_cost": 0.0,
      "mark": 68.16,
      "market_value": 340.8
    },
    "NEE": {
      "qty": 3.0,
      "avg_cost": 0.0,
      "mark": 74.48,
      "market_value": 223.44
    },
    "NET": {
      "qty": 4.2,
      "avg_cost": 0.0,
      "mark": 57.99,
      "market_value": 243.56
    },
    "NFLX": {
      "qty": 11.389418,
      "avg_cost": 193.723127,
      "mark": 365.39,
      "market_value": 4161.58
    },
    "NU": {
      "qty": 5.000123,
      "avg_cost": 0.000132,
      "mark": 6.525,
      "market_value": 32.63
    },
    "NVDA": {
      "qty": 5.0,
      "avg_cost": 0.0,
      "mark": 312.65,
      "market_value": 1563.25
    },
    "NVTS": {
      "qty": 4.6,
      "avg_cost": 0.0,
      "mark": 8.5,
      "market_value": 39.1
    },
    "OKTA": {
      "qty": 4.6,
      "avg_cost": 0.0,
      "mark": 82.15,
      "market_value": 377.89
    },
    "PANW": {
      "qty": 3.6,
      "avg_cost": 0.0,
      "mark": 188.62,
      "market_value": 679.03
    },
    "PG": {
      "qty": 8.857386,
      "avg_cost": 68.245603,
      "mark": 153.13,
      "market_value": 1356.33
    },
    "PLTR": {
      "qty": 4.2,
      "avg_cost": 0.0,
      "mark": 11.705,
      "market_value": 49.16
    },
    "PYPL": {
      "qty": 4.2,
      "avg_cost": 0.0,
      "mark": 60.89,
      "market_value": 255.74
    },
    "QBTS": {
      "qty": 4.2,
      "avg_cost": 0.0,
      "mark": 0.4801,
      "market_value": 2.02
    },
    "QQQ": {
      "qty": 5.0,
      "avg_cost": 0.0,
      "mark": 336.44,
      "market_value": 1682.2
    },
    "QUBT": {
      "qty": 4.6,
      "avg_cost": 0.0,
      "mark": 1.28,
      "market_value": 5.89
    },
    "RGTI": {
      "qty": 4.2,
      "avg_cost": 0.0,
      "mark": 0.5028,
      "market_value": 2.11
    },
    "RKLB": {
      "qty": 5.0,
      "avg_cost": 0.0,
      "mark": 4.675,
      "market_value": 23.38
    },
    "RTX": {
      "qty": 3.2,
      "avg_cost": 0.0,
      "mark": 96.24,
      "market_value": 307.97
    },
    "RUN": {
      "qty": 3.8,
      "avg_cost": 0.0,
      "mark": 14.635,
      "market_value": 55.61
    },
    "SEDG": {
      "qty": 4.6,
      "avg_cost": 0.0,
      "mark": 295.92,
      "market_value": 1361.23
    },
    "SHOP": {
      "qty": 10.250174,
      "avg_cost": 31.803749,
      "mark": 60.195,
      "market_value": 617.01
    },
    "SNOW": {
      "qty": 5.0,
      "avg_cost": 0.0,
      "mark": 176.82,
      "market_value": 884.1
    },
    "SOFI": {
      "qty": 3.8,
      "avg_cost": 0.0,
      "mark": 4.935,
      "market_value": 18.75
    },
    "SPY": {
      "qty": 5.0,
      "avg_cost": 0.0,
      "mark": 418.58,
      "market_value": 2092.9
    },
    "SQ": {
      "qty": 4.2,
      "avg_cost": 0.0,
      "mark": 58.665,
      "market_value": 246.39
    },
    "TSLA": {
      "qty": 4.6,
      "avg_cost": 0.0,
      "mark": 180.14,
      "market_value": 828.64
    },
    "TSM": {
      "qty": 4.0,
      "avg_cost": 0.0,
      "mark": 92.55,
      "market_value": 370.2
    },
    "TTWO": {
      "qty": 5.0,
      "avg_cost": 0.0,
      "mark": 137.41,
      "market_value": 687.05
    },
    "VOO": {
      "qty": 5.0,
      "avg_cost": 0.0,
      "mark": 384.62,
      "market_value": 1923.1
    },
    "VTI": {
      "qty": 5.0,
      "avg_cost": 0.0,
      "mark": 207.67,
      "market_value": 1038.35
    },
    "ZS": {
      "qty": 4.2,
      "avg_cost": 0.0,
      "mark": 125.35,
      "market_value": 526.47
    }
  }
}