{
  "as_of_utc": "2023-05-26T23:59:59Z",
  "portfolio_id": "port_backfill_5each",
  "cash": 10098.14,
  "market_value": 64648.94,
  "equity": 74747.08,
  "holdings": {
    "AAPL": {
      "qty": 29.559309,
      "avg_cost": 142.609781,
      "mark": 175.33,
      "market_value": 5182.63
    },
    "ADBE": {
      "qty": 3.2,
      "avg_cost": 0.0,
      "mark": 415.57,
      "market_value": 1329.82
    },
    "AMD": {
      "qty": 13.85718,
      "avg_cost": 62.151668,
      "mark": 127.01,
      "market_value": 1760.0
    },
    "AMZN": {
      "qty": 4.0,
      "avg_cost": 0.0,
      "mark": 120.08,
      "market_value": 480.32
    },
    "ARCC": {
      "qty": 4.3,
      "avg_cost": 0.0,
      "mark": 18.805,
      "market_value": 80.86
    },
    "ASML": {
      "qty": 5.0,
      "avg_cost": 0.0,
      "mark": 735.2,
      "market_value": 3676.0
    },
    "ASTS": {
      "qty": 5.0,
      "avg_cost": 0.0,
      "mark": 5.45,
      "market_value": 27.25
    },
    "AVGO": {
      "qty": 5.0,
      "avg_cost": 0.0,
      "mark": 812.55,
      "market_value": 4062.75
    },
    "CAT": {
      "qty": 3.6,
      "avg_cost": 0.0,
      "mark": 211.69,
      "market_value": 762.08
    },
    "CRM": {
      "qty": 14.582426,
      "avg_cost": 134.548622,
      "mark": 215.45,
      "market_value": 3141.78
    },
    "CRUS": {
      "qty": 3.8,
      "avg_cost": 0.0,
      "mark": 78.62,
      "market_value": 298.76
    },
    "CRWD": {
      "qty": 3.6,
      "avg_cost": 0.0,
      "mark": 154.105,
      "market_value": 554.78
    },
    "DDOG": {
      "qty": 5.0,
      "avg_cost": 0.0,
      "mark": 93.13,
      "market_value": 465.65
    },
    "DE": {
      "qty": 4.2,
      "avg_cost": 0.0,
      "mark": 357.4,
      "market_value": 1501.08
    },
    "DIA": {
      "qty": 3.6,
      "avg_cost": 0.0,
      "mark": 330.85,
      "market_value": 1191.06
    },
    "DNA": {
      "qty": 4.6,
      "avg_cost": 0.0,
      "mark": 1.505,
      "market_value": 6.92
    },
    "ENPH": {
      "qty": 3.8,
      "avg_cost": 0.0,
      "mark": 165.2,
      "market_value": 627.76
    },
    "ESTC": {
      "qty": 3.0,
      "avg_cost": 0.0,
      "mark": 69.14,
      "market_value": 207.42
    },
    "FSLR": {
      "qty": 3.8,
      "avg_cost": 0.0,
      "mark": 201.69,
      "market_value": 766.42
    },
    "GE": {
      "qty": 5.0,
      "avg_cost": 0.0,
      "mark": 102.72,
      "market_value": 513.6
    },
    "GOOGL": {
      "qty": 10.87476,
      "avg_cost": 64.368488,
      "mark": 124.6,
      "market_value": 1355.0
    },
    "HD": {
      "qty": 3.0,
      "avg_cost": 0.0,
      "mark": 292.805,
      "market_value": 878.41
    },
    "HON": {
      "qty": 3.6,
      "avg_cost": 0.0,
      "mark": 193.67,
      "market_value": 697.21
    },
    "IONQ": {
      "qty": 4.6,
      "avg_cost": 0.0,
      "mark": 10.0,
      "market_value": 46.0
    },
    "IWM": {
      "qty": 3.6,
      "avg_cost": 0.0,
      "mark": 176.1,
      "market_value": 633.96
    },
    "JNJ": {
      "qty": 3.3,
      "avg_cost": 0.0,
      "mark": 154.31,
      "market_value": 509.22
    },
    "LMT": {
      "qty": 3.6,
      "avg_cost": 0.0,
      "mark": 448.33,
      "market_value": 1613.99
    },
    "MAIN": {
      "qty": 3.6,
      "avg_cost": 0.0,
      "mark": 39.665,
      "market_value": 142.79
    },
    "MDB": {
      "qty": 5.0,
      "avg_cost": 0.0,
      "mark": 283.28,
      "market_value": 1416.4
    },
    "META": {
      "qty": 7.394268,
      "avg_cost": 78.797869,
      "mark": 262.0,
      "market_value": 1937.3
    },
    "MSFT": {
      "qty": 12.064156,
      "avg_cost": 182.071014,
      "mark": 332.85,
      "market_value": 4015.55
    },
    "MU": {
      "qty": 5.0,
      "avg_cost": 0.0,
      "mark": 73.92,
      "market_value": 369.6
    },
    "NEE": {
      "qty": 3.0,
      "avg_cost": 0.0,
      "mark": 73.92,
      "market_value": 221.76
    },
    "NET": {
      "qty": 4.2,
      "avg_cost": 0.0,
      "mark": 61.16,
      "market_value": 256.87
    },
    "NFLX": {
      "qty": 11.389418,
      "avg_cost": 193.723127,
      "mark": 378.93,
      "market_value": 4315.79
    },
    "NU": {
      "qty": 5.000123,
      "avg_cost": 0.000132,
      "mark": 6.8,
      "market_value": 34.0
    },
    "NVDA": {
      "qty": 5.0,
      "avg_cost": 0.0,
      "mark": 389.24,
      "market_value": 1946.2
    },
    "NVTS": {
      "qty": 87.369381,
      "avg_cost": 8.060527,
      "mark": 8.51,
      "market_value": 743.51
    },
    "OKTA": {
      "qty": 4.6,
      "avg_cost": 0.0,
      "mark": 88.18,
      "market_value": 405.63
    },
    "PANW": {
      "qty": 3.6,
      "avg_cost": 0.0,
      "mark": 211.61,
      "market_value": 761.8
    },
    "PG": {
      "qty": 6.857386,
      "avg_cost": 68.245603,
      "mark": 145.41,
      "market_value": 997.13
    },
    "PLTR": {
      "qty": 4.2,
      "avg_cost": 0.0,
      "mark": 13.64,
      "market_value": 57.29
    },
    "PYPL": {
      "qty": 3.8,
      "avg_cost": 0.0,
      "mark": 60.21,
      "market_value": 228.8
    },
    "QBTS": {
      "qty": 4.2,
      "avg_cost": 0.0,
      "mark": 1.64,
      "market_value": 6.89
    },
    "QQQ": {
      "qty": 9.845311,
      "avg_cost": 165.742513,
      "mark": 348.42,
      "market_value": 3430.3
    },
    "QUBT": {
      "qty": 4.6,
      "avg_cost": 0.0,
      "mark": 1.21,
      "market_value": 5.57
    },
    "RGTI": {
      "qty": 4.2,
      "avg_cost": 0.0,
      "mark": 1.06,
      "market_value": 4.45
    },
    "RKLB": {
      "qty": 5.0,
      "avg_cost": 0.0,
      "mark": 4.455,
      "market_value": 22.27
    },
    "RTX": {
      "qty": 3.2,
      "avg_cost": 0.0,
      "mark": 93.27,
      "market_value": 298.46
    },
    "RUN": {
      "qty": 3.8,
      "avg_cost": 0.0,
      "mark": 16.83,
      "market_value": 63.95
    },
    "SEDG": {
      "qty": 4.6,
      "avg_cost": 0.0,
      "mark": 294.45,
      "market_value": 1354.47
    },
    "SHOP": {
      "qty": 10.250174,
      "avg_cost": 31.803749,
      "mark": 59.25,
      "market_value": 607.32
    },
    "SNOW": {
      "qty": 5.0,
      "avg_cost": 0.0,
      "mark": 150.03,
      "market_value": 750.15
    },
    "SOFI": {
      "qty": 3.8,
      "avg_cost": 0.0,
      "mark": 5.405,
      "market_value": 20.54
    },
    "SPY": {
      "qty": 5.0,
      "avg_cost": 0.0,
      "mark": 419.96,
      "market_value": 2099.8
    },
    "SQ": {
      "qty": 4.2,
      "avg_cost": 0.0,
      "mark": 58.98,
      "market_value": 247.72
    },
    "TSLA": {
      "qty": 4.6,
      "avg_cost": 0.0,
      "mark": 193.2,
      "market_value": 888.72
    },
    "TSM": {
      "qty": 4.0,
      "avg_cost": 0.0,
      "mark": 103.195,
      "market_value": 412.78
    },
    "TTWO": {
      "qty": 5.0,
      "avg_cost": 0.0,
      "mark": 138.99,
      "market_value": 694.95
    },
    "VOO": {
      "qty": 5.0,
      "avg_cost": 0.0,
      "mark": 385.86,
      "market_value": 1929.3
    },
    "VTI": {
      "qty": 5.0,
      "avg_cost": 0.0,
      "mark": 208.31,
      "market_value": 1041.55
    },
    "ZS": {
      "qty": 4.2,
      "avg_cost": 0.0,
      "mark": 130.61,
      "market_value": 548.56
    }
  }
}