datetime_utc,portfolio_id,symbol,action,qty,price_exec,slippage_bps,liquidity_impact_bps,fees,gross_amount,post_trade_cash,post_trade_position,signal_snapshot,rationale,run_id
2025-11-19T04:23:59.357183+00:00,port_backfill_5each,IWM,SELL,0.7,175.15467,10.0,0.0,0.0,122.61,20122.61,4.3,"{""TS"":-0.478785,""TS_daily"":-0.478785,""TS_intraday"":null,""NS"":0.0,""CDS"":-0.287271,""wT"":0.6,""wN"":0.4}",score<sell|guidance:mid_zone_partial_trim,19489728571
2025-11-19T04:23:59.357514+00:00,port_backfill_5each,AMZN,SELL,1.0,101.92797,10.0,0.0,0.0,101.93,20224.54,4.0,"{""TS"":-0.472857,""TS_daily"":-0.472857,""TS_intraday"":null,""NS"":0.0,""CDS"":-0.283714,""wT"":0.6,""wN"":0.4}",score<sell|guidance:guidance_ok,19489728571
2025-11-19T04:23:59.357781+00:00,port_backfill_5each,TSLA,SELL,0.4,161.64819,10.0,0.0,0.0,64.66,20289.2,4.6,"{""TS"":-0.579369,""TS_daily"":-0.579369,""TS_intraday"":null,""NS"":-0.0,""CDS"":-0.347622,""wT"":0.6,""wN"":0.4}",score<sell|guidance:oversold_avoid_full_sell,19489728571
2025-11-19T04:23:59.358021+00:00,port_backfill_5each,TSM,SELL,1.0,83.89602,10.0,0.0,0.0,83.9,20373.09,4.0,"{""TS"":-0.490608,""TS_daily"":-0.490608,""TS_intraday"":null,""NS"":0.0,""CDS"":-0.294365,""wT"":0.6,""wN"":0.4}",score<sell|guidance:guidance_ok,19489728571
2025-11-19T04:23:59.358251+00:00,port_backfill_5each,CRUS,SELL,0.4,84.989925,10.0,0.0,0.0,34.0,20407.09,4.6,"{""TS"":-0.59241,""TS_daily"":-0.59241,""TS_intraday"":null,""NS"":0.0,""CDS"":-0.355446,""wT"":0.6,""wN"":0.4}",score<sell|guidance:oversold_avoid_full_sell,19489728571
2025-11-19T04:23:59.358474+00:00,port_backfill_5each,PLTR,SELL,0.4,7.76223,10.0,0.0,0.0,3.1,20410.19,4.6,"{""TS"":-0.534758,""TS_daily"":-0.534758,""TS_intraday"":null,""NS"":0.0,""CDS"":-0.320855,""wT"":0.6,""wN"":0.4}",score<sell|guidance:oversold_avoid_full_sell,19489728571
2025-11-19T04:23:59.358717+00:00,port_backfill_5each,SOFI,SELL,0.4,5.459535,10.0,0.0,0.0,2.18,20412.38,4.6,"{""TS"":-0.544483,""TS_daily"":-0.544483,""TS_intraday"":null,""NS"":0.0,""CDS"":-0.32669,""wT"":0.6,""wN"":0.4}",score<sell|guidance:oversold_avoid_full_sell,19489728571
2025-11-19T04:23:59.358949+00:00,port_backfill_5each,FSLR,SELL,0.4,180.59922,10.0,0.0,0.0,72.24,20484.62,4.6,"{""TS"":-0.689387,""TS_daily"":-0.689387,""TS_intraday"":null,""NS"":-0.0,""CDS"":-0.413632,""wT"":0.6,""wN"":0.4}",score<sell|guidance:oversold_avoid_full_sell,19489728571
2025-11-19T04:23:59.359166+00:00,port_backfill_5each,ZS,SELL,0.4,88.64127,10.0,0.0,0.0,35.46,20520.07,4.6,"{""TS"":-0.786391,""TS_daily"":-0.786391,""TS_intraday"":null,""NS"":0.0,""CDS"":-0.471835,""wT"":0.6,""wN"":0.4}",score<sell|guidance:oversold_avoid_full_sell,19489728571
2025-11-19T04:23:59.359377+00:00,port_backfill_5each,NET,SELL,0.4,44.770185,10.0,0.0,0.0,17.91,20537.98,4.6,"{""TS"":-0.72786,""TS_daily"":-0.72786,""TS_intraday"":null,""NS"":0.0,""CDS"":-0.436716,""wT"":0.6,""wN"":0.4}",score<sell|guidance:oversold_avoid_full_sell,19489728571
2025-11-19T04:23:59.359595+00:00,port_backfill_5each,CRWD,SELL,0.4,118.656225,10.0,0.0,0.0,47.46,20585.44,4.6,"{""TS"":-0.687645,""TS_daily"":-0.687645,""TS_intraday"":null,""NS"":-0.0,""CDS"":-0.412587,""wT"":0.6,""wN"":0.4}",score<sell|guidance:oversold_avoid_full_sell,19489728571
2025-11-19T04:23:59.359831+00:00,port_backfill_5each,SQ,SELL,0.4,60.15978,10.0,0.0,0.0,24.06,20609.51,4.6,"{""TS"":-0.557614,""TS_daily"":-0.557614,""TS_intraday"":null,""NS"":-0.0,""CDS"":-0.334568,""wT"":0.6,""wN"":0.4}",score<sell|guidance:oversold_avoid_full_sell,19489728571
2025-11-19T04:23:59.360037+00:00,port_backfill_5each,PANW,SELL,0.4,183.06675,10.0,0.0,0.0,73.23,20682.73,4.6,"{""TS"":-0.617634,""TS_daily"":-0.617634,""TS_intraday"":null,""NS"":0.0,""CDS"":-0.37058,""wT"":0.6,""wN"":0.4}",score<sell|guidance:oversold_avoid_full_sell,19489728571
2025-11-19T04:23:59.360236+00:00,port_backfill_5each,OKTA,SELL,0.4,68.526405,10.0,0.0,0.0,27.41,20710.14,4.6,"{""TS"":-0.620197,""TS_daily"":-0.620197,""TS_intraday"":null,""NS"":0.0,""CDS"":-0.372118,""wT"":0.6,""wN"":0.4}",score<sell|guidance:oversold_avoid_full_sell,19489728571
2025-11-19T04:23:59.360425+00:00,port_backfill_5each,ESTC,SELL,1.0,56.378565,10.0,0.0,0.0,56.38,20766.52,4.0,"{""TS"":-0.583562,""TS_daily"":-0.583562,""TS_intraday"":null,""NS"":0.0,""CDS"":-0.350137,""wT"":0.6,""wN"":0.4}",score<sell|guidance:guidance_ok,19489728571
2025-11-19T04:23:59.360678+00:00,port_backfill_5each,ENPH,SELL,0.4,160.4394,10.0,0.0,0.0,64.18,20830.7,4.6,"{""TS"":-0.776797,""TS_daily"":-0.776797,""TS_intraday"":null,""NS"":0.0,""CDS"":-0.466078,""wT"":0.6,""wN"":0.4}",score<sell|guidance:oversold_avoid_full_sell,19489728571
2025-11-19T04:23:59.360924+00:00,port_backfill_5each,SEDG,SELL,0.4,275.83389,10.0,0.0,0.0,110.33,20941.03,4.6,"{""TS"":-0.569173,""TS_daily"":-0.569173,""TS_intraday"":null,""NS"":0.0,""CDS"":-0.341504,""wT"":0.6,""wN"":0.4}",score<sell|guidance:oversold_avoid_full_sell,19489728571
2025-11-19T04:23:59.361164+00:00,port_backfill_5each,NEE,SELL,1.0,76.7232,10.0,0.0,0.0,76.72,21017.76,4.0,"{""TS"":-0.419893,""TS_daily"":-0.419893,""TS_intraday"":null,""NS"":0.0,""CDS"":-0.251936,""wT"":0.6,""wN"":0.4}",score<sell|guidance:guidance_ok,19489728571
2025-11-19T04:23:59.361400+00:00,port_backfill_5each,LMT,SELL,1.0,468.94059,10.0,0.0,0.0,468.94,21486.7,4.0,"{""TS"":-0.482789,""TS_daily"":-0.482789,""TS_intraday"":null,""NS"":-0.0,""CDS"":-0.289673,""wT"":0.6,""wN"":0.4}",score<sell|guidance:guidance_ok,19489728571
2025-11-19T04:23:59.361635+00:00,port_backfill_5each,QBTS,SELL,0.4,0.480919,10.0,0.0,0.0,0.19,21486.89,4.6,"{""TS"":-0.668981,""TS_daily"":-0.668981,""TS_intraday"":null,""NS"":0.0,""CDS"":-0.401388,""wT"":0.6,""wN"":0.4}",score<sell|guidance:oversold_avoid_full_sell,19489728571
2025-11-19T04:23:59.363927+00:00,port_backfill_5each,RGTI,SELL,0.4,0.420379,10.0,0.0,0.0,0.17,21487.06,4.6,"{""TS"":-0.691928,""TS_daily"":-0.691928,""TS_intraday"":null,""NS"":0.0,""CDS"":-0.415157,""wT"":0.6,""wN"":0.4}",score<sell|guidance:oversold_avoid_full_sell,19489728571
2025-11-19T04:23:59.364170+00:00,port_backfill_5each,DNA,SELL,0.4,1.183815,10.0,0.0,0.0,0.47,21487.53,4.6,"{""TS"":-0.612982,""TS_daily"":-0.612982,""TS_intraday"":null,""NS"":0.0,""CDS"":-0.367789,""wT"":0.6,""wN"":0.4}",score<sell|guidance:oversold_avoid_full_sell,19489728571
2025-11-19T04:23:59.364578+00:00,port_backfill_5each,NVTS,SELL,0.4,5.36463,10.0,0.0,0.0,2.15,21489.68,4.6,"{""TS"":-0.623184,""TS_daily"":-0.623184,""TS_intraday"":null,""NS"":-0.0,""CDS"":-0.37391,""wT"":0.6,""wN"":0.4}",score<sell|guidance:oversold_avoid_full_sell,19489728571
2025-11-19T04:23:59.364836+00:00,port_backfill_5each,IONQ,SELL,0.4,5.489505,10.0,0.0,0.0,2.2,21491.87,4.6,"{""TS"":-0.440565,""TS_daily"":-0.440565,""TS_intraday"":null,""NS"":0.0,""CDS"":-0.264339,""wT"":0.6,""wN"":0.4}",score<sell|guidance:oversold_avoid_full_sell,19489728571
2025-11-19T04:23:59.365041+00:00,port_backfill_5each,AAPL,BUY,12.964517,169.72956,10.0,0.0,0.0,-2200.46,19291.41,17.964517,"{""TS"":0.712359,""TS_daily"":0.712359,""TS_intraday"":null,""NS"":0.0,""CDS"":0.427416,""wT"":0.6,""wN"":0.4}",score>buy|guidance:above_dip_level,19489728571
2025-11-19T04:23:59.365254+00:00,port_backfill_5each,META,BUY,2.394268,243.35311,10.0,0.0,0.0,-582.65,18708.76,7.394268,"{""TS"":0.695596,""TS_daily"":0.695596,""TS_intraday"":null,""NS"":0.0,""CDS"":0.417358,""wT"":0.6,""wN"":0.4}",score>buy|guidance:above_dip_level|near_or_above_trim_zone|extended_vs_sma20_hot_rsi,19489728571
2025-11-19T04:23:59.365453+00:00,port_backfill_5each,PG,BUY,3.857386,156.70655,10.0,0.0,0.0,-604.48,18104.28,8.857386,"{""TS"":0.694901,""TS_daily"":0.694901,""TS_intraday"":null,""NS"":0.0,""CDS"":0.416941,""wT"":0.6,""wN"":0.4}",score>buy|guidance:late_phase|above_dip_level,19489728571
2025-11-19T04:23:59.365662+00:00,port_backfill_5each,NU,BUY,0.000116,5.36536,10.0,0.0,0.0,-0.0,18104.28,5.000116,"{""TS"":0.693513,""TS_daily"":0.693513,""TS_intraday"":null,""NS"":0.0,""CDS"":0.416108,""wT"":0.6,""wN"":0.4}",score>buy|guidance:above_dip_level|near_or_above_trim_zone|extended_vs_sma20_hot_rsi,19489728571
2025-11-19T04:24:00.448342+00:00,port_backfill_5each,ADBE,SELL,0.4,347.96169,10.0,0.0,0.0,139.18,18243.46,4.6,"{""TS"":-0.503965,""TS_daily"":-0.503965,""TS_intraday"":null,""NS"":-0.0,""CDS"":-0.302379,""wT"":0.6,""wN"":0.4}",score<sell|guidance:oversold_avoid_full_sell,19489728571
2025-11-19T04:24:00.448568+00:00,port_backfill_5each,ARCC,SELL,0.7,18.1818,10.0,0.0,0.0,12.73,18256.19,4.3,"{""TS"":-0.455742,""TS_daily"":-0.455742,""TS_intraday"":null,""NS"":-0.0,""CDS"":-0.273445,""wT"":0.6,""wN"":0.4}",score<sell|guidance:mid_zone_partial_trim,19489728571
2025-11-19T04:24:00.448747+00:00,port_backfill_5each,CAT,SELL,1.0,214.89489,10.0,0.0,0.0,214.89,18471.09,4.0,"{""TS"":-0.434912,""TS_daily"":-0.434912,""TS_intraday"":null,""NS"":0.0,""CDS"":-0.260947,""wT"":0.6,""wN"":0.4}",score<sell|guidance:guidance_ok,19489728571
2025-11-19T04:24:00.448902+00:00,port_backfill_5each,CRUS,SELL,0.4,79.36056,10.0,0.0,0.0,31.74,18502.83,4.2,"{""TS"":-0.727365,""TS_daily"":-0.727365,""TS_intraday"":null,""NS"":0.0,""CDS"":-0.436419,""wT"":0.6,""wN"":0.4}",score<sell|guidance:oversold_avoid_full_sell,19489728571
2025-11-19T04:24:00.449055+00:00,port_backfill_5each,CRWD,SELL,1.0,122.26761,10.0,0.0,0.0,122.27,18625.1,3.6,"{""TS"":-0.502672,""TS_daily"":-0.502672,""TS_intraday"":null,""NS"":0.0,""CDS"":-0.301603,""wT"":0.6,""wN"":0.4}",score<sell|guidance:guidance_ok,19489728571
2025-11-19T04:24:00.449193+00:00,port_backfill_5each,ENPH,SELL,0.4,159.43041,10.0,0.0,0.0,63.77,18688.87,4.2,"{""TS"":-0.667614,""TS_daily"":-0.667614,""TS_intraday"":null,""NS"":0.0,""CDS"":-0.400569,""wT"":0.6,""wN"":0.4}",score<sell|guidance:oversold_avoid_full_sell,19489728571
2025-11-19T04:24:00.449334+00:00,port_backfill_5each,ESTC,SELL,1.0,56.63331,10.0,0.0,0.0,56.63,18745.5,3.0,"{""TS"":-0.489677,""TS_daily"":-0.489677,""TS_intraday"":null,""NS"":0.0,""CDS"":-0.293806,""wT"":0.6,""wN"":0.4}",score<sell|guidance:guidance_ok,19489728571
2025-11-19T04:24:00.449473+00:00,port_backfill_5each,FSLR,SELL,0.4,178.326495,10.0,0.0,0.0,71.33,18816.83,4.2,"{""TS"":-0.554326,""TS_daily"":-0.554326,""TS_intraday"":null,""NS"":-0.0,""CDS"":-0.332596,""wT"":0.6,""wN"":0.4}",score<sell|guidance:oversold_avoid_full_sell,19489728571
2025-11-19T04:24:00.449620+00:00,port_backfill_5each,HD,SELL,1.0,289.2105,10.0,0.0,0.0,289.21,19106.05,4.0,"{""TS"":-0.569616,""TS_daily"":-0.569616,""TS_intraday"":null,""NS"":-0.0,""CDS"":-0.34177,""wT"":0.6,""wN"":0.4}",score<sell|guidance:guidance_ok,19489728571
2025-11-19T04:24:00.449810+00:00,port_backfill_5each,IWM,SELL,0.7,174.33549,10.0,0.0,0.0,122.03,19228.08,3.6,"{""TS"":-0.459863,""TS_daily"":-0.459863,""TS_intraday"":null,""NS"":0.0,""CDS"":-0.275918,""wT"":0.6,""wN"":0.4}",score<sell|guidance:mid_zone_partial_trim,19489728571
2025-11-19T04:24:00.449956+00:00,port_backfill_5each,JNJ,SELL,0.7,162.51732,10.0,0.0,0.0,113.76,19341.84,4.3,"{""TS"":-0.444553,""TS_daily"":-0.444553,""TS_intraday"":null,""NS"":0.0,""CDS"":-0.266732,""wT"":0.6,""wN"":0.4}",score<sell|guidance:mid_zone_partial_trim,19489728571
2025-11-19T04:24:00.450091+00:00,port_backfill_5each,LMT,SELL,0.4,454.98456,10.0,0.0,0.0,181.99,19523.84,3.6,"{""TS"":-0.538862,""TS_daily"":-0.538862,""TS_intraday"":null,""NS"":0.0,""CDS"":-0.323317,""wT"":0.6,""wN"":0.4}",score<sell|guidance:oversold_avoid_full_sell,19489728571
2025-11-19T04:24:00.450218+00:00,port_backfill_5each,NEE,SELL,1.0,75.35457,10.0,0.0,0.0,75.35,19599.19,3.0,"{""TS"":-0.569894,""TS_daily"":-0.569894,""TS_intraday"":null,""NS"":0.0,""CDS"":-0.341937,""wT"":0.6,""wN"":0.4}",score<sell|guidance:guidance_ok,19489728571
2025-11-19T04:24:00.450435+00:00,port_backfill_5each,NET,SELL,0.4,44.030925,10.0,0.0,0.0,17.61,19616.8,4.2,"{""TS"":-0.578959,""TS_daily"":-0.578959,""TS_intraday"":null,""NS"":0.0,""CDS"":-0.347376,""wT"":0.6,""wN"":0.4}",score<sell|guidance:oversold_avoid_full_sell,19489728571
2025-11-19T04:24:00.450639+00:00,port_backfill_5each,PANW,SELL,1.0,183.791025,10.0,0.0,0.0,183.79,19800.59,3.6,"{""TS"":-0.494701,""TS_daily"":-0.494701,""TS_intraday"":null,""NS"":0.0,""CDS"":-0.296821,""wT"":0.6,""wN"":0.4}",score<sell|guidance:guidance_ok,19489728571
2025-11-19T04:24:00.450892+00:00,port_backfill_5each,PLTR,SELL,0.4,7.397595,10.0,0.0,0.0,2.96,19803.55,4.2,"{""TS"":-0.609194,""TS_daily"":-0.609194,""TS_intraday"":null,""NS"":0.0,""CDS"":-0.365517,""wT"":0.6,""wN"":0.4}",score<sell|guidance:oversold_avoid_full_sell,19489728571
2025-11-19T04:24:00.451111+00:00,port_backfill_5each,QBTS,SELL,0.4,0.434765,10.0,0.0,0.0,0.17,19803.73,4.2,"{""TS"":-0.618453,""TS_daily"":-0.618453,""TS_intraday"":null,""NS"":0.0,""CDS"":-0.371072,""wT"":0.6,""wN"":0.4}",score<sell|guidance:oversold_avoid_full_sell,19489728571
2025-11-19T04:24:00.451316+00:00,port_backfill_5each,QUBT,SELL,0.4,1.10889,10.0,0.0,0.0,0.44,19804.17,4.6,"{""TS"":-0.563743,""TS_daily"":-0.563743,""TS_intraday"":null,""NS"":0.0,""CDS"":-0.338246,""wT"":0.6,""wN"":0.4}",score<sell|guidance:oversold_avoid_full_sell,19489728571
2025-11-19T04:24:00.451537+00:00,port_backfill_5each,RGTI,SELL,0.4,0.405494,10.0,0.0,0.0,0.16,19804.33,4.2,"{""TS"":-0.602481,""TS_daily"":-0.602481,""TS_intraday"":null,""NS"":0.0,""CDS"":-0.361488,""wT"":0.6,""wN"":0.4}",score<sell|guidance:oversold_avoid_full_sell,19489728571
2025-11-19T04:24:00.451746+00:00,port_backfill_5each,RTX,SELL,0.4,96.478425,10.0,0.0,0.0,38.59,19842.92,4.6,"{""TS"":-0.562932,""TS_daily"":-0.562932,""TS_intraday"":null,""NS"":0.0,""CDS"":-0.337759,""wT"":0.6,""wN"":0.4}",score<sell|guidance:oversold_avoid_full_sell,19489728571
2025-11-19T04:24:00.451887+00:00,port_backfill_5each,RUN,SELL,0.4,17.627355,10.0,0.0,0.0,7.05,19849.97,4.6,"{""TS"":-0.62429,""TS_daily"":-0.62429,""TS_intraday"":null,""NS"":-0.0,""CDS"":-0.374574,""wT"":0.6,""wN"":0.4}",score<sell|guidance:oversold_avoid_full_sell,19489728571
2025-11-19T04:24:00.452021+00:00,port_backfill_5each,SOFI,SELL,0.4,5.15484,10.0,0.0,0.0,2.06,19852.04,4.2,"{""TS"":-0.485214,""TS_daily"":-0.485214,""TS_intraday"":null,""NS"":0.0,""CDS"":-0.291128,""wT"":0.6,""wN"":0.4}",score<sell|guidance:oversold_avoid_full_sell,19489728571
2025-11-19T04:24:00.452144+00:00,port_backfill_5each,ZS,SELL,0.4,89.34057,10.0,0.0,0.0,35.74,19887.77,4.2,"{""TS"":-0.635169,""TS_daily"":-0.635169,""TS_intraday"":null,""NS"":0.0,""CDS"":-0.381101,""wT"":0.6,""wN"":0.4}",score<sell|guidance:oversold_avoid_full_sell,19489728571
2025-11-19T04:24:00.452269+00:00,port_backfill_5each,MSFT,BUY,7.064156,310.94063,10.0,0.0,0.0,-2196.53,17691.24,12.064156,"{""TS"":0.711656,""TS_daily"":0.711656,""TS_intraday"":null,""NS"":0.0,""CDS"":0.426993,""wT"":0.6,""wN"":0.4}",score>buy|guidance:above_dip_level,19489728571
2025-11-19T04:24:00.452394+00:00,port_backfill_5each,AAPL,BUY,11.594792,173.78361,10.0,0.0,0.0,-2014.98,15676.26,29.559309,"{""TS"":0.686214,""TS_daily"":0.686214,""TS_intraday"":null,""NS"":0.0,""CDS"":0.411728,""wT"":0.6,""wN"":0.4}",score>buy|guidance:above_dip_level,19489728571
2025-11-19T04:24:00.452518+00:00,port_backfill_5each,SHOP,BUY,5.250174,62.09203,10.0,0.0,0.0,-325.99,15350.26,10.250174,"{""TS"":0.675825,""TS_daily"":0.675825,""TS_intraday"":null,""NS"":0.0,""CDS"":0.405495,""wT"":0.6,""wN"":0.4}",score>buy|guidance:above_dip_level|near_or_above_trim_zone|extended_vs_sma20_hot_rsi,19489728571
2025-11-19T04:24:00.452644+00:00,port_backfill_5each,NU,BUY,7e-06,5.45545,10.0,0.0,0.0,-0.0,15350.26,5.000123,"{""TS"":0.648532,""TS_daily"":0.648532,""TS_intraday"":null,""NS"":0.0,""CDS"":0.389119,""wT"":0.6,""wN"":0.4}",score>buy|guidance:above_dip_level|near_or_above_trim_zone|extended_vs_sma20_hot_rsi,19489728571
2025-11-19T04:24:01.472951+00:00,port_backfill_5each,ADBE,SELL,0.4,341.23842,10.0,0.0,0.0,136.5,15486.76,4.2,"{""TS"":-0.535072,""TS_daily"":-0.535072,""TS_intraday"":null,""NS"":0.0,""CDS"":-0.321043,""wT"":0.6,""wN"":0.4}",score<sell|guidance:oversold_avoid_full_sell,19489728571
2025-11-19T04:24:01.473166+00:00,port_backfill_5each,CAT,SELL,0.4,209.79,10.0,0.0,0.0,83.92,15570.67,3.6,"{""TS"":-0.571055,""TS_daily"":-0.571055,""TS_intraday"":null,""NS"":0.0,""CDS"":-0.342633,""wT"":0.6,""wN"":0.4}",score<sell|guidance:oversold_avoid_full_sell,19489728571
2025-11-19T04:24:01.473324+00:00,port_backfill_5each,CRUS,SELL,0.4,78.25167,10.0,0.0,0.0,31.3,15601.97,3.8,"{""TS"":-0.603331,""TS_daily"":-0.603331,""TS_intraday"":null,""NS"":-0.0,""CDS"":-0.361999,""wT"":0.6,""wN"":0.4}",score<sell|guidance:oversold_avoid_full_sell,19489728571
2025-11-19T04:24:01.473489+00:00,port_backfill_5each,DIA,SELL,1.0,332.89677,10.0,0.0,0.0,332.9,15934.87,4.0,"{""TS"":-0.426851,""TS_daily"":-0.426851,""TS_intraday"":null,""NS"":0.0,""CDS"":-0.256111,""wT"":0.6,""wN"":0.4}",score<sell|guidance:guidance_ok,19489728571
2025-11-19T04:24:01.473632+00:00,port_backfill_5each,ENPH,SELL,0.4,160.7391,10.0,0.0,0.0,64.3,15999.16,3.8,"{""TS"":-0.603425,""TS_daily"":-0.603425,""TS_intraday"":null,""NS"":0.0,""CDS"":-0.362055,""wT"":0.6,""wN"":0.4}",score<sell|guidance:oversold_avoid_full_sell,19489728571
2025-11-19T04:24:01.473803+00:00,port_backfill_5each,FSLR,SELL,0.4,183.191625,10.0,0.0,0.0,73.28,16072.44,3.8,"{""TS"":-0.445827,""TS_daily"":-0.445827,""TS_intraday"":null,""NS"":-0.0,""CDS"":-0.267496,""wT"":0.6,""wN"":0.4}",score<sell|guidance:oversold_avoid_full_sell,19489728571
2025-11-19T04:24:01.473946+00:00,port_backfill_5each,HD,SELL,1.0,287.47224,10.0,0.0,0.0,287.47,16359.91,3.0,"{""TS"":-0.584795,""TS_daily"":-0.584795,""TS_intraday"":null,""NS"":-0.0,""CDS"":-0.350877,""wT"":0.6,""wN"":0.4}",score<sell|guidance:guidance_ok,19489728571
2025-11-19T04:24:01.474088+00:00,port_backfill_5each,HON,SELL,1.0,193.75605,10.0,0.0,0.0,193.76,16553.67,4.0,"{""TS"":-0.52388,""TS_daily"":-0.52388,""TS_intraday"":null,""NS"":0.0,""CDS"":-0.314328,""wT"":0.6,""wN"":0.4}",score<sell|guidance:guidance_ok,19489728571
2025-11-19T04:24:01.474226+00:00,port_backfill_5each,JNJ,SELL,1.0,160.86897,10.0,0.0,0.0,160.87,16714.54,3.3,"{""TS"":-0.510794,""TS_daily"":-0.510794,""TS_intraday"":null,""NS"":0.0,""CDS"":-0.306477,""wT"":0.6,""wN"":0.4}",score<sell|guidance:guidance_ok,19489728571
2025-11-19T04:24:01.474354+00:00,port_backfill_5each,PYPL,SELL,0.4,64.08585,10.0,0.0,0.0,25.63,16740.17,4.6,"{""TS"":-0.693801,""TS_daily"":-0.693801,""TS_intraday"":null,""NS"":0.0,""CDS"":-0.416281,""wT"":0.6,""wN"":0.4}",score<sell|guidance:oversold_avoid_full_sell,19489728571
2025-11-19T04:24:01.474482+00:00,port_backfill_5each,RTX,SELL,0.4,95.46444,10.0,0.0,0.0,38.19,16778.36,4.2,"{""TS"":-0.533214,""TS_daily"":-0.533214,""TS_intraday"":null,""NS"":0.0,""CDS"":-0.319928,""wT"":0.6,""wN"":0.4}",score<sell|guidance:oversold_avoid_full_sell,19489728571
2025-11-19T04:24:01.474611+00:00,port_backfill_5each,RUN,SELL,0.4,16.70328,10.0,0.0,0.0,6.68,16785.04,4.2,"{""TS"":-0.609679,""TS_daily"":-0.609679,""TS_intraday"":null,""NS"":0.0,""CDS"":-0.365808,""wT"":0.6,""wN"":0.4}",score<sell|guidance:oversold_avoid_full_sell,19489728571
2025-11-19T04:24:01.474789+00:00,port_backfill_5each,SOFI,SELL,0.4,5.12487,10.0,0.0,0.0,2.05,16787.09,3.8,"{""TS"":-0.521214,""TS_daily"":-0.521214,""TS_intraday"":null,""NS"":-0.0,""CDS"":-0.312728,""wT"":0.6,""wN"":0.4}",score<sell|guidance:oversold_avoid_full_sell,19489728571
2025-11-19T04:24:01.474924+00:00,port_backfill_5each,NFLX,BUY,6.389418,345.319975,10.0,0.0,0.0,-2206.39,14580.7,11.389418,"{""TS"":0.710493,""TS_daily"":0.710493,""TS_intraday"":null,""NS"":-0.0,""CDS"":0.426296,""wT"":0.6,""wN"":0.4}",score>buy|guidance:above_dip_level,19489728571
2025-11-19T04:24:01.475060+00:00,port_backfill_5each,AMD,BUY,8.85718,97.23714,10.0,0.0,0.0,-861.25,13719.45,13.85718,"{""TS"":0.703088,""TS_daily"":0.703088,""TS_intraday"":null,""NS"":0.0,""CDS"":0.421853,""wT"":0.6,""wN"":0.4}",score>buy|guidance:above_dip_level|near_or_above_trim_zone,19489728571
2025-11-19T04:24:01.475192+00:00,port_backfill_5each,GOOGL,BUY,0.949153,116.67656,10.0,0.0,0.0,-110.74,13608.71,5.949153,"{""TS"":0.698985,""TS_daily"":0.698985,""TS_intraday"":null,""NS"":-0.0,""CDS"":0.419391,""wT"":0.6,""wN"":0.4}",score>buy|guidance:above_dip_level|near_or_above_trim_zone|extended_vs_sma20_hot_rsi,19489728571
2025-11-19T04:24:02.497932+00:00,port_backfill_5each,ADBE,SELL,1.0,344.80485,10.0,0.0,0.0,344.8,13953.51,3.2,"{""TS"":-0.450575,""TS_daily"":-0.450575,""TS_intraday"":null,""NS"":0.0,""CDS"":-0.270345,""wT"":0.6,""wN"":0.4}",score<sell|guidance:guidance_ok,19489728571
2025-11-19T04:24:02.498166+00:00,port_backfill_5each,DE,SELL,0.4,362.312325,10.0,0.0,0.0,144.92,14098.44,4.6,"{""TS"":-0.707122,""TS_daily"":-0.707122,""TS_intraday"":null,""NS"":-0.0,""CDS"":-0.424273,""wT"":0.6,""wN"":0.4}",score<sell|guidance:oversold_avoid_full_sell,19489728571
2025-11-19T04:24:02.498323+00:00,port_backfill_5each,DIA,SELL,0.4,330.03963,10.0,0.0,0.0,132.02,14230.46,3.6,"{""TS"":-0.576651,""TS_daily"":-0.576651,""TS_intraday"":null,""NS"":0.0,""CDS"":-0.345991,""wT"":0.6,""wN"":0.4}",score<sell|guidance:oversold_avoid_full_sell,19489728571
2025-11-19T04:24:02.498469+00:00,port_backfill_5each,HON,SELL,0.4,191.48832,10.0,0.0,0.0,76.6,14307.05,3.6,"{""TS"":-0.652425,""TS_daily"":-0.652425,""TS_intraday"":null,""NS"":0.0,""CDS"":-0.391455,""wT"":0.6,""wN"":0.4}",score<sell|guidance:oversold_avoid_full_sell,19489728571
2025-11-19T04:24:02.498611+00:00,port_backfill_5each,MAIN,SELL,0.4,39.00096,10.0,0.0,0.0,15.6,14322.65,4.6,"{""TS"":-0.573128,""TS_daily"":-0.573128,""TS_intraday"":null,""NS"":0.0,""CDS"":-0.343877,""wT"":0.6,""wN"":0.4}",score<sell|guidance:oversold_avoid_full_sell,19489728571
2025-11-19T04:24:02.498775+00:00,port_backfill_5each,PYPL,SELL,0.4,60.70923,10.0,0.0,0.0,24.28,14346.94,4.2,"{""TS"":-0.72796,""TS_daily"":-0.72796,""TS_intraday"":null,""NS"":-0.0,""CDS"":-0.436776,""wT"":0.6,""wN"":0.4}",score<sell|guidance:oversold_avoid_full_sell,19489728571
2025-11-19T04:24:02.498922+00:00,port_backfill_5each,RTX,SELL,1.0,95.359545,10.0,0.0,0.0,95.36,14442.29,3.2,"{""TS"":-0.505913,""TS_daily"":-0.505913,""TS_intraday"":null,""NS"":0.0,""CDS"":-0.303548,""wT"":0.6,""wN"":0.4}",score<sell|guidance:guidance_ok,19489728571
2025-11-19T04:24:02.499066+00:00,port_backfill_5each,RUN,SELL,0.4,15.2847,10.0,0.0,0.0,6.11,14448.41,3.8,"{""TS"":-0.71182,""TS_daily"":-0.71182,""TS_intraday"":null,""NS"":-0.0,""CDS"":-0.427092,""wT"":0.6,""wN"":0.4}",score<sell|guidance:oversold_avoid_full_sell,19489728571
2025-11-19T04:24:02.499206+00:00,port_backfill_5each,SQ,SELL,0.4,55.48446,10.0,0.0,0.0,22.19,14470.6,4.2,"{""TS"":-0.677633,""TS_daily"":-0.677633,""TS_intraday"":null,""NS"":-0.0,""CDS"":-0.40658,""wT"":0.6,""wN"":0.4}",score<sell|guidance:oversold_avoid_full_sell,19489728571
2025-11-19T04:24:02.499335+00:00,port_backfill_5each,GOOGL,BUY,4.925607,119.62951,10.0,0.0,0.0,-589.25,13881.35,10.87476,"{""TS"":0.696024,""TS_daily"":0.696024,""TS_intraday"":null,""NS"":-0.0,""CDS"":0.417614,""wT"":0.6,""wN"":0.4}",score>buy|guidance:above_dip_level|near_or_above_trim_zone|extended_vs_sma20_hot_rsi,19489728571
2025-11-19T04:24:02.499464+00:00,port_backfill_5each,CRM,BUY,9.582426,204.75455,10.0,0.0,0.0,-1962.05,11919.31,14.582426,"{""TS"":0.694813,""TS_daily"":0.694813,""TS_intraday"":null,""NS"":-0.0,""CDS"":0.416888,""wT"":0.6,""wN"":0.4}",score>buy|guidance:above_dip_level,19489728571
2025-11-19T04:24:03.526678+00:00,port_backfill_5each,DE,SELL,0.4,363.24639,10.0,0.0,0.0,145.3,12064.61,4.2,"{""TS"":-0.640473,""TS_daily"":-0.640473,""TS_intraday"":null,""NS"":0.0,""CDS"":-0.384284,""wT"":0.6,""wN"":0.4}",score<sell|guidance:oversold_avoid_full_sell,19489728571
2025-11-19T04:24:03.526989+00:00,port_backfill_5each,MAIN,SELL,1.0,39.28068,10.0,0.0,0.0,39.28,12103.89,3.6,"{""TS"":-0.472581,""TS_daily"":-0.472581,""TS_intraday"":null,""NS"":0.0,""CDS"":-0.283549,""wT"":0.6,""wN"":0.4}",score<sell|guidance:guidance_ok,19489728571
2025-11-19T04:24:03.527173+00:00,port_backfill_5each,PG,SELL,2.0,152.97687,10.0,0.0,0.0,305.95,12409.84,6.857386,"{""TS"":-0.448223,""TS_daily"":-0.448223,""TS_intraday"":null,""NS"":0.0,""CDS"":-0.268934,""wT"":0.6,""wN"":0.4}",score<sell|guidance:guidance_ok,19489728571
2025-11-19T04:24:03.527320+00:00,port_backfill_5each,PYPL,SELL,0.4,60.82911,10.0,0.0,0.0,24.33,12434.17,3.8,"{""TS"":-0.670425,""TS_daily"":-0.670425,""TS_intraday"":null,""NS"":0.0,""CDS"":-0.402255,""wT"":0.6,""wN"":0.4}",score<sell|guidance:oversold_avoid_full_sell,19489728571
2025-11-19T04:24:03.527469+00:00,port_backfill_5each,NVTS,BUY,82.769381,8.5085,10.0,0.0,0.0,-704.24,11729.93,87.369381,"{""TS"":0.743425,""TS_daily"":0.743425,""TS_intraday"":null,""NS"":0.0,""CDS"":0.446055,""wT"":0.6,""wN"":0.4}",score>buy|guidance:above_dip_level|near_or_above_trim_zone|extended_vs_sma20_hot_rsi,19489728571
2025-11-19T04:24:03.527625+00:00,port_backfill_5each,QQQ,BUY,4.845311,336.77644,10.0,0.0,0.0,-1631.79,10098.14,9.845311,"{""TS"":0.743242,""TS_daily"":0.743242,""TS_intraday"":null,""NS"":0.0,""CDS"":0.445945,""wT"":0.6,""wN"":0.4}",score>buy|guidance:above_dip_level,19489728571
2025-11-19T04:24:04.562520+00:00,port_backfill_5each,DE,SELL,0.4,357.0426,10.0,0.0,0.0,142.82,10240.96,3.8,"{""TS"":-0.606235,""TS_daily"":-0.606235,""TS_intraday"":null,""NS"":-0.0,""CDS"":-0.363741,""wT"":0.6,""wN"":0.4}",score<sell|guidance:oversold_avoid_full_sell,19489728571
2025-11-19T04:24:04.562755+00:00,port_backfill_5each,PG,SELL,0.4,145.26459,10.0,0.0,0.0,58.11,10299.06,6.457386,"{""TS"":-0.675,""TS_daily"":-0.675,""TS_intraday"":null,""NS"":0.0,""CDS"":-0.405,""wT"":0.6,""wN"":0.4}",score<sell|guidance:oversold_avoid_full_sell,19489728571
2025-11-19T04:24:04.562917+00:00,port_backfill_5each,QUBT,SELL,1.0,1.20879,10.0,0.0,0.0,1.21,10300.27,3.6,"{""TS"":-0.55337,""TS_daily"":-0.55337,""TS_intraday"":null,""NS"":0.0,""CDS"":-0.332022,""wT"":0.6,""wN"":0.4}",score<sell|guidance:guidance_ok,19489728571
2025-11-19T04:24:04.563068+00:00,port_backfill_5each,SNOW,SELL,0.4,149.87997,10.0,0.0,0.0,59.95,10360.22,4.6,"{""TS"":-0.647707,""TS_daily"":-0.647707,""TS_intraday"":null,""NS"":0.0,""CDS"":-0.388624,""wT"":0.6,""wN"":0.4}",score<sell|guidance:oversold_avoid_full_sell,19489728571
2025-11-19T04:24:04.563219+00:00,port_backfill_5each,AMD,BUY,6.197805,127.13701,10.0,0.0,0.0,-787.97,9572.25,20.054985,"{""TS"":0.771239,""TS_daily"":0.771239,""TS_intraday"":null,""NS"":-0.0,""CDS"":0.462743,""wT"":0.6,""wN"":0.4}",score>buy|guidance:above_dip_level|near_or_above_trim_zone|extended_vs_sma20_hot_rsi,19489728571
2025-11-19T04:24:04.563357+00:00,port_backfill_5each,NVDA,BUY,0.68695,389.62924,10.0,0.0,0.0,-267.66,9304.6,5.68695,"{""TS"":0.759411,""TS_daily"":0.759411,""TS_intraday"":null,""NS"":0.0,""CDS"":0.455647,""wT"":0.6,""wN"":0.4}",score>buy|guidance:above_dip_level|near_or_above_trim_zone|extended_vs_sma20_hot_rsi,19489728571
2025-11-19T04:24:05.596038+00:00,port_backfill_5each,PG,SELL,0.4,142.43742,10.0,0.0,0.0,56.97,9361.57,6.057386,"{""TS"":-0.710313,""TS_daily"":-0.710313,""TS_intraday"":null,""NS"":0.0,""CDS"":-0.426188,""wT"":0.6,""wN"":0.4}",score<sell|guidance:oversold_avoid_full_sell,19489728571
2025-11-19T04:24:05.596252+00:00,port_backfill_5each,SEDG,SELL,1.0,284.33538,10.0,0.0,0.0,284.34,9645.91,3.6,"{""TS"":-0.521982,""TS_daily"":-0.521982,""TS_intraday"":null,""NS"":-0.0,""CDS"":-0.313189,""wT"":0.6,""wN"":0.4}",score<sell|guidance:guidance_ok,19489728571
2025-11-19T04:24:05.596406+00:00,port_backfill_5each,PLTR,BUY,54.061614,14.72471,10.0,0.0,0.0,-796.04,8849.87,58.261614,"{""TS"":0.774731,""TS_daily"":0.774731,""TS_intraday"":null,""NS"":0.0,""CDS"":0.464839,""wT"":0.6,""wN"":0.4}",score>buy|guidance:above_dip_level|near_or_above_trim_zone|extended_vs_sma20_hot_rsi,19489728571
2025-11-19T04:24:05.596554+00:00,port_backfill_5each,META,BUY,0.672804,265.17491,10.0,0.0,0.0,-178.41,8671.46,8.067072,"{""TS"":0.744646,""TS_daily"":0.744646,""TS_intraday"":null,""NS"":-0.0,""CDS"":0.446788,""wT"":0.6,""wN"":0.4}",score>buy|guidance:above_dip_level|near_or_above_trim_zone|extended_vs_sma20_hot_rsi,19489728571
