{
  "as_of_utc": "2025-11-17T20:51:12.566151+00:00",
  "portfolio_id": "portfolio_max_autotrader",
  "cash": 597.94,
  "market_value": 22547.25,
  "equity": 23145.19,
  "holdings": {
    "ABBV": {
      "qty": 6.694384,
      "avg_cost": 234.098865,
      "mark": 233.56,
      "market_value": 1563.54
    },
    "AMD": {
      "qty": 3.0,
      "avg_cost": 0.0,
      "mark": 238.36,
      "market_value": 715.08
    },
    "AMZN": {
      "qty": 0.10134,
      "avg_cost": 0.0,
      "mark": 232.18,
      "market_value": 23.53
    },
    "ARCC": {
      "qty": 24.36,
      "avg_cost": 0.0,
      "mark": 19.69,
      "market_value": 479.65
    },
    "ASST": {
      "qty": 10.0,
      "avg_cost": 0.0,
      "mark": 0.0,
      "market_value": 0.0
    },
    "ASTS": {
      "qty": 3.063125,
      "avg_cost": 0.0,
      "mark": 56.49,
      "market_value": 173.04
    },
    "CIBR": {
      "qty": 12.471041,
      "avg_cost": 75.00493,
      "mark": 73.59,
      "market_value": 917.74
    },
    "CRWD": {
      "qty": 0.555751,
      "avg_cost": 0.0,
      "mark": 528.56,
      "market_value": 293.75
    },
    "CTM": {
      "qty": 33.0,
      "avg_cost": 0.0,
      "mark": 1.055,
      "market_value": 34.81
    },
    "DOCN": {
      "qty": 9.0,
      "avg_cost": 0.0,
      "mark": 44.21,
      "market_value": 397.89
    },
    "FSLR": {
      "qty": 3.0,
      "avg_cost": 0.0,
      "mark": 253.56,
      "market_value": 760.68
    },
    "HOOD": {
      "qty": 2.6,
      "avg_cost": 0.0,
      "mark": 113.97,
      "market_value": 296.32
    },
    "JPM": {
      "qty": 1.125,
      "avg_cost": 0.0,
      "mark": 299.85,
      "market_value": 337.33
    },
    "LYFT": {
      "qty": 13.862441,
      "avg_cost": 23.29327,
      "mark": 21.735,
      "market_value": 301.3
    },
    "MDB": {
      "qty": 1.0,
      "avg_cost": 0.0,
      "mark": 337.515,
      "market_value": 337.51
    },
    "MRNA": {
      "qty": 0.000176,
      "avg_cost": 24.77475,
      "mark": 24.75,
      "market_value": 0.0
    },
    "MSFT": {
      "qty": 1.5,
      "avg_cost": 0.0,
      "mark": 507.285,
      "market_value": 760.93
    },
    "MU": {
      "qty": 4.0,
      "avg_cost": 0.0,
      "mark": 241.45,
      "market_value": 965.8
    },
    "NVDA": {
      "qty": 28.5,
      "avg_cost": 0.0,
      "mark": 185.455,
      "market_value": 5285.47
    },
    "OPEN": {
      "qty": 100.0,
      "avg_cost": 0.0,
      "mark": 0.0,
      "market_value": 0.0
    },
    "PLTR": {
      "qty": 0.01,
      "avg_cost": 0.0,
      "mark": 170.13,
      "market_value": 1.7
    },
    "QBTS": {
      "qty": 79.46202,
      "avg_cost": 0.0,
      "mark": 22.54,
      "market_value": 1791.07
    },
    "RGTI": {
      "qty": 2.720625,
      "avg_cost": 0.0,
      "mark": 24.73,
      "market_value": 67.28
    },
    "RKLB": {
      "qty": 2.761708,
      "avg_cost": 0.0,
      "mark": 43.04,
      "market_value": 118.86
    },
    "SNAP": {
      "qty": 2.2e-05,
      "avg_cost": 8.543535,
      "mark": 8.155,
      "market_value": 0.0
    },
    "SNOW": {
      "qty": 1.5,
      "avg_cost": 0.0,
      "mark": 252.3,
      "market_value": 378.45
    },
    "TSM": {
      "qty": 1.267741,
      "avg_cost": 281.7815,
      "mark": 281.5,
      "market_value": 356.87
    },
    "TWLO": {
      "qty": 3.0,
      "avg_cost": 0.0,
      "mark": 120.06,
      "market_value": 360.18
    },
    "VOO": {
      "qty": 1.24,
      "avg_cost": 0.0,
      "mark": 611.27,
      "market_value": 757.97
    },
    "VTI": {
      "qty": 9.48,
      "avg_cost": 0.0,
      "mark": 326.17,
      "market_value": 3092.09
    },
    "XLE": {
      "qty": 7.49075,
      "avg_cost": 92.147055,
      "mark": 90.395,
      "market_value": 677.13
    },
    "XOP": {
      "qty": 7.0,
      "avg_cost": 0.0,
      "mark": 131.33,
      "market_value": 919.31
    },
    "ZS": {
      "qty": 1.3,
      "avg_cost": 0.0,
      "mark": 293.81,
      "market_value": 381.95
    }
  }
}